num,tutorial_batch,happy1,ID,time,major,Distance,direction,born,sports,aware,morning_drink,morning_drink2,breakfast,sleep,siblings,siblings_number,pets,beer,coffee,Pineapple_Pizza,Pinky,OS,hand,energy,shoes,phone,Apartment_Size,rooms,apps,countries,CB,Food_Money,Season,Drink_Coffee,height,bother,happy2
1,2023,8,edelz21,8.15,GESS,4.0,NW,300.0,10.0,energized,tea,other,yes,7,yes,3,15.0,4.0,3,Yes,4.0,Apple,16,9.0,4.0,11.0,40,3.0,6.0,15.0,yes,170.0,Fall,Other,173.0,6,8
2,2023,7,ludwi1,8.15,GESS,6.0,E,700.0,4.0,awake,coffee,coffee,yes,8,yes,2,0.0,1.0,2,Yes,6.0,Neither,20,7.0,5.0,15.6,85,3.0,,12.0,No,200.0,Summer,milk,182.0,8,7
3,2023,5,trift33,8.15,GESS,2.0,NW,30.0,2.0,tired,water,water,yes,8,yes,1,,1.0,2,No,3.0,Microsoft,15,8.0,4.0,13.0,70,2.0,15.0,22.0,No,200.0,Spring,milk,179.0,6,6
4,2023,6,grne40,8.15,GESS,2.5,SW,65.0,2.0,awake,water,water,yes,7,yes,1,0.0,2.0,2,do_not_mind,6.3,Both,16.5,6.0,10.0,15.0,100,2.0,30.0,15.0,yes,150.0,Summer,milk,174.0,3,6
5,2023,8,bergs89,8.15,GESS,2.5,N,150.0,3.5,awake,tea,other,yes,8,yes,2,2.0,5.0,5,do_not_mind,6.0,Microsoft,19.5,8.0,7.0,17.5,90,4.0,196.0,13.0,yes,180.0,Fall,milk,175.0,9,8
6,2023,5,alton3809,8.15,GESS,2.0,SE,891.0,5.0,awake,none,other,yes,7,yes,3,1.0,7.0,7,No,5.0,Both,15,6.0,15.0,9.0,75,1.0,17.0,20.0,yes,120.0,Summer,milk,173.0,9,5
7,2023,6,erlen7,8.15,GESS,1.0,SW,338.0,6.0,energized,tea,other,yes,7,yes,2,,2.0,3,No,5.0,Both,20,8.0,10.0,14.86,73,2.0,47.0,10.0,yes,150.0,Winter,milk,178.0,9,8
8,2023,7,amkre9,8.15,GESS,3.0,NW,742.0,1.0,awake,tea,other,yes,6,yes,1,3.0,2.0,2,do_not_mind,6.0,Microsoft,17,7.0,7.0,16.0,90,2.0,144.0,11.0,yes,60.0,Summer,sugar_milk,165.0,7,7
9,2023,5,billg15,8.15,GESS,72.0,NW,50.0,12.0,drowsy,tea,other,yes,8,no,0,2.0,3.0,4,do_not_mind,5.0,Apple,17,5.0,8.0,13.7,35,2.0,97.0,8.0,yes,110.0,Fall,milk,166.0,2,5
10,2023,4,schul26,8.15,GESS,2.0,NW,400.0,0.0,awake,coffee,coffee,no,6,yes,1,0.0,2.0,2,do_not_mind,6.5,Microsoft,18,7.0,6.0,18.0,80,1.0,10.0,12.0,No,250.0,Summer,black,183.0,1,4
11,2023,8,garte2,8.15,GESS,3.0,NW,282.0,11.0,awake,Latte_Machhiato,coffee,yes,8,yes,3,2.0,3.0,2,do_not_mind,4.0,Microsoft,20,9.0,7.0,15.6,110,6.0,100.0,9.0,yes,200.0,Summer,sugar_milk,185.0,6,8
12,2023,6,rhein34,8.15,GESS,2.0,S,639.0,2.0,awake,water,water,yes,7,no,0,3.0,4.0,4,No,6.8,Both,17.5,9.0,3.0,15.4,30,0.0,55.0,5.0,yes,160.0,Spring,Other,175.0,6,6
13,2023,9,feuer40,8.15,GESS,1.5,N,370.0,3.0,energized,Ginger_shot,other,yes,10,yes,3,1.0,4.0,4,do_not_mind,7.0,Both,24,10.0,8.0,18.0,60,1.0,70.0,17.0,yes,300.0,Fall,Other,170.0,7,9
14,2023,9,holst58,8.15,GESS,0.5,W,600.0,4.0,awake,Water,water,yes,8,yes,1,1.0,1.0,2,do_not_mind,8.0,Apple,21,9.0,6.0,19.0,110,5.0,103.0,14.0,yes,115.0,Summer,milk,175.0,2,9
15,2023,7,rueem9,8.15,GESS,2.3,S,818.0,1.0,tired,tea,other,yes,7,yes,1,4.0,6.0,2,do_not_mind,5.5,Microsoft,15.5,7.0,5.0,14.5,120,3.0,130.0,19.0,yes,80.0,Spring,Other,169.0,8,7
16,2023,5,fuent2,8.15,GESS,3.0,NW,8600.7,10.0,tired,Coffee,coffee,no,6,yes,4,5.0,4.0,4,No,5.5,Microsoft,20,4.0,10.0,11.0,77,3.0,93.0,3.0,yes,300.0,Spring,sugar_milk,167.0,4,6
17,2023,7,ortho8,8.15,GESS,3.0,N,123.0,3.0,awake,coffee,coffee,yes,8,no,0,3.0,2.0,2,do_not_mind,5.0,Microsoft,15,7.0,7.0,12.0,100,5.0,60.0,16.0,yes,150.0,Spring,milk,168.0,6,7
18,2023,6,garte27,8.15,GESS,3.1,NW,461.0,3.5,drowsy,coffee,coffee,yes,8,yes,1,5.0,3.0,3,No,5.0,Microsoft,14,8.0,6.0,12.0,15,1.0,15.0,6.0,No,100.0,Spring,milk,164.0,7,7
19,2023,8,haupt29,8.15,GESS,1.7,N,350.0,1.0,awake,coffee,coffee,yes,8,yes,6,2.0,1.0,1,do_not_mind,7.0,Microsoft,22,8.0,4.0,15.0,89,3.0,60.0,10.0,yes,200.0,Summer,black,190.0,6,8
20,2023,3,giova8,8.15,GESS,1.4,N,1373.7,2.0,awake,tea,other,yes,7,yes,1,3.0,4.0,4,No,6.0,Apple,14,6.0,3.0,12.0,60,4.0,20.0,3.0,No,80.0,Spring,milk,160.0,7,4
21,2023,6,tanne20,8.15,GESS,2.5,NE,437.0,5.0,tired,Flat_White,coffee,yes,7,yes,1,6.0,1.0,2,do_not_mind,6.4,Microsoft,21.3,6.0,7.0,16.5,90,4.0,162.0,8.0,yes,200.0,Spring,black,179.0,7,7
22,2023,8,lessi,8.15,GESS,2.0,S,300.0,3.0,awake,tea,other,no,8,yes,3,0.0,3.0,5,Yes,5.0,Microsoft,8,6.0,4.0,8.0,8,5.0,30.0,10.0,yes,200.0,Spring,black,172.0,10,10
23,2023,8,amfis74,8.15,GESS,0.8,W,57.0,0.0,drowsy,black_tea,black_tea,yes,8,yes,1,0.0,1.0,1,do_not_mind,6.0,Microsoft,18,7.0,8.0,16.0,50,1.0,8.0,8.0,No,80.0,Summer,milk,178.0,2,8
24,2023,7,schal107,8.15,GESS,2.0,S,250.0,1.0,drowsy,coffee,coffee,yes,6,yes,1,3.0,4.0,5,do_not_mind,9.0,Microsoft,18,10.0,3.0,21.0,90,4.0,45.0,18.0,yes,200.0,Summer,milk,180.0,5,6
25,2023,7,klaes25,8.15,GESS,2.3,NE,155.0,10.0,awake,coffee,coffee,yes,7,yes,1,4.0,3.0,2,Yes,6.0,Microsoft,15,7.0,9.0,15.0,100,2.0,84.0,,yes,150.0,Spring,black,173.0,6,7
26,2023,6,luise3,8.15,GESS,2.0,N,150.0,1.0,drowsy,Coffee,coffee,no,6,no,0,0.0,1.0,2,do_not_mind,6.0,Microsoft,19,8.0,3.0,16.0,100,5.0,28.0,9.0,yes,300.0,Summer,sugar_milk,186.0,3,2
27,2023,9,matte76c,12.15,UWI,3.0,SE,400.0,4.0,awake,water,water,yes,9,yes,1,1.0,2.0,2,No,7.0,Microsoft,19,8.0,6.0,11.0,99,4.0,20.0,12.0,yes,125.0,Spring,Other,171.0,8,5
28,2023,8,wilhe9,12.15,UWI,300.0,NE,350.0,5.0,awake,coffee,coffee,yes,8,yes,2,5.0,3.0,3,do_not_mind,6.0,Apple,15,7.0,3.0,10.0,20,5.0,42.0,15.0,yes,350.0,Spring,black,190.0,3,8
29,2023,4,steig9,12.15,UWI,2.0,S,217.0,10.0,awake,tea,other,yes,8,yes,2,3.0,3.0,3,Yes,5.0,Microsoft,20,7.0,10.0,16.0,450,8.0,,13.0,yes,275.0,Summer,milk,177.0,8,8
30,2023,7,yorck,12.15,UWI,0.5,NW,0.0,1.0,awake,smoothie,other,yes,7,yes,4,10.0,2.0,2,Yes,5.5,Apple,17,5.0,10.0,14.0,72,3.0,35.0,5.0,No,400.0,Spring,Other,171.0,9,6
31,2023,8,mittw14,12.15,UWI,3.0,NW,234.0,3.0,awake,juice,other,yes,8,yes,4,2.0,3.0,2,do_not_mind,5.5,Microsoft,18,6.0,4.0,10.0,44,1.0,13.0,4.0,yes,200.0,Summer,milk,180.0,9,8
32,2023,4,garte20,12.15,UWI,2.5,W,620.0,7.0,drowsy,Water,water,yes,5,yes,2,3.0,4.0,4,do_not_mind,8.0,Both,25,3.0,4.0,14.0,15,3.0,47.0,10.0,yes,200.0,Spring,black,190.0,2,4
33,2023,9,josep12,12.15,UWI,1.2,N,384.0,4.0,energized,water,water,yes,8,yes,1,0.0,2.0,2,Yes,5.5,Microsoft,18,7.0,6.0,16.0,90,4.0,55.0,4.0,yes,240.0,Summer,milk,174.0,3,8
34,2023,4,wolds7,12.15,UWI,0.5,N,60.0,3.0,tired,water,water,yes,7,yes,2,3.0,3.0,2,No,5.0,Apple,18,6.0,8.0,15.0,65,2.0,30.0,15.0,yes,200.0,Spring,sugar,176.0,6,6
35,2023,8,reino28,12.15,UWI,1.5,NW,711.1,2.0,awake,juice,other,yes,8,yes,2,1.0,1.0,1,No,5.6,Apple,16,7.0,5.0,12.0,80,3.0,,7.0,yes,90.0,Spring,Other,160.0,8,8
36,2023,6,luise,12.15,UWI,2.0,S,600.0,0.5,tired,coffee,coffee,yes,6,yes,2,4.0,1.0,2,do_not_mind,6.0,Both,14,6.0,5.0,15.0,40,4.0,10.0,5.0,No,150.0,Spring,milk,174.0,6,4
37,2023,7,laven43,12.15,GESS,3.0,N,148.0,3.0,awake,Coffee,coffee,no,8,yes,1,1.0,2.0,2,Yes,5.0,Microsoft,18,9.0,25.0,12.0,120,2.0,73.0,21.0,yes,200.0,Summer,sugar_milk,163.0,6,9
38,2023,4,steff27,12.15,UWI,3.0,N,300.0,4.0,tired,coffee,coffee,no,8,yes,1,2.0,2.0,2,Yes,5.0,Microsoft,20,1.0,7.0,19.0,100,3.0,23.0,13.0,No,250.0,Spring,black,180.0,6,2
39,2023,5,arist74,12.15,UWI,2.2,S,2300.0,2.0,drowsy,tea,other,yes,7,yes,1,12.0,3.0,3,Yes,4.5,Microsoft,20,7.0,10.0,12.0,80,3.0,40.0,8.0,yes,100.0,Fall,Other,167.0,5,7
40,2023,9,bren8,12.15,UWI,300.0,NE,81.0,5.0,awake,Water,water,yes,7,no,0,0.0,3.0,3,Yes,5.4,Microsoft,9,8.0,2.0,15.0,20,1.0,50.0,14.0,yes,150.0,Summer,Other,180.0,5,8
41,2023,5,rhrh12,12.15,UWI,3.0,N,225.0,6.5,drowsy,coffee,coffee,yes,9,yes,2,3.0,4.0,5,do_not_mind,5.5,Microsoft,19.5,7.0,6.0,16.0,110,4.0,14.0,9.0,yes,218.0,Summer,milk,168.5,9,6
42,2023,9,possa6,12.15,UWI,500.0,N,574.11,5.0,awake,tea,other,yes,8,no,0,1.0,6.0,6,do_not_mind,5.5,Microsoft,20,2.0,12.0,17.0,90,4.0,15.0,10.0,No,100.0,Summer,sugar_milk,172.0,8,7
43,2023,5,agiatriada,12.15,GESS,45.0,N,2396.0,0.0,tired,coffee,coffee,yes,6,yes,1,1.0,4.0,4,No,2.3,Both,4,6.0,10.0,12.0,33.3,0.0,25.0,3.0,yes,300.0,Summer,milk,160.0,1,7
44,2023,7,abels7,12.15,GESS,2.0,N,56.0,4.0,awake,Water,water,yes,6,yes,4,7.0,2.0,4,Yes,3.5,Apple,10,8.0,3.0,12.0,83,2.0,113.0,21.0,yes,250.0,Spring,black,168.0,10,9
45,2023,7,inder2,12.15,UWI,3.7,NW,475.0,3.0,energized,tea,other,no,9,yes,3,3.0,3.0,3,Yes,6.2,Both,21.3,7.0,11.0,16.0,130,5.0,16.0,9.0,yes,190.0,Spring,milk,179.0,3,7
46,2023,7,knig,12.15,UWI,1.0,W,60.0,3.0,awake,tea,other,yes,7,yes,1,4.0,3.0,3,No,7.0,Microsoft,18,8.0,10.0,12.0,75,5.0,10.0,10.0,yes,40.0,Spring,milk,179.0,9,10
47,2023,9,schwa137,12.15,UWI,1.0,E,300.0,2.0,awake,Coffee,coffee,yes,8,yes,1,6.0,3.0,3,do_not_mind,6.0,Apple,17,8.0,6.0,13.0,120,3.0,20.0,14.0,yes,400.0,Summer,milk,180.0,2,8
48,2023,6,gneise59,12.15,GESS,2.0,W,300.0,4.0,drowsy,coffee,coffee,yes,7,yes,2,0.0,3.0,4,Yes,6.0,Microsoft,21,5.0,3.0,16.5,13,2.0,98.0,20.0,yes,200.0,Summer,milk,180.0,3,7
49,2023,6,reitb284,12.15,UWI,100.0,NW,89.0,0.0,awake,water,water,yes,7,yes,3,1.0,2.0,2,No,3.0,Apple,17,4.0,5.0,17.0,11,2.0,,5.0,yes,200.0,Summer,Other,165.0,4,3
50,2023,6,tycho12,12.15,UWI,4.0,N,56.0,2.0,drowsy,tea,other,yes,7,yes,2,1.0,2.0,2,Yes,5.0,Microsoft,13,5.0,5.0,17.0,100,5.0,29.0,9.0,yes,200.0,Spring,Other,175.0,5,5
51,2023,7,raben2,12.15,UWI,0.0,SW,381.0,8.0,tired,water,water,yes,9,yes,1,2.0,1.0,2,do_not_mind,6.0,Apple,15,3.0,15.0,12.0,18,5.0,31.0,12.0,yes,200.0,Summer,milk,172.0,4,7
52,2023,4,grach37,12.15,UWI,0.4,SE,400.0,2.0,awake,tea,other,yes,8,yes,1,9.0,3.0,4,do_not_mind,4.0,Apple,21,,5.0,12.0,50,1.0,10.0,6.0,yes,170.0,Spring,sugar_milk,169.0,4,5
53,2023,8,fhre8,12.15,UWI,2.5,NW,203.0,4.0,drowsy,Juice,other,no,9,yes,1,3.0,3.0,3,Yes,4.0,Apple,17,6.0,7.0,17.0,58,1.0,43.0,5.0,yes,150.0,Summer,Other,172.0,6,6
54,2023,7,vonbo40,12.15,GESS,3.0,NW,245.0,1.0,awake,juice,other,yes,8,yes,2,1.0,1.0,1,do_not_mind,7.0,Microsoft,22.5,7.0,6.0,14.0,210,8.0,87.0,16.0,yes,150.0,Spring,Other,193.0,3,8
55,2023,7,nerim11,8.15,GESS,1.0,SE,3600.0,10.0,awake,milk,other,yes,7,yes,1,2.0,5.0,5,No,4.5,Microsoft,14,7.0,5.0,15.7,,2.0,50.0,5.0,yes,300.0,Winter,black,178.0,1,7
56,2023,7,linde6a,12.15,GESS,1.2,NE,135.0,5.0,awake,Coffee,coffee,yes,8,yes,1,1.0,4.0,4,No,6.0,Apple,18,8.0,15.0,11.9,80,2.0,24.0,15.0,yes,150.0,Spring,milk,170.0,4,7
57,2023,7,steen17,12.15,GESS,0.5,N,60.0,0.0,awake,tea,other,no,6,yes,2,3.0,3.0,4,do_not_mind,4.0,Microsoft,13,7.0,7.0,12.0,120,5.0,40.0,23.0,yes,120.0,Summer,milk,162.0,1,8
58,2023,5,ruege6,12.15,UWI,2.0,NE,146.0,2.0,drowsy,coffee,coffee,yes,8,no,0,2.0,2.0,2,do_not_mind,7.0,Apple,18,5.0,6.0,12.0,70,3.0,40.0,15.0,No,200.0,Spring,milk,170.0,5,4
59,2023,8,veilc9,12.15,UWI,2.5,SE,496.0,5.0,awake,Water,water,yes,8,yes,1,10.0,3.0,2,Yes,6.5,Microsoft,,7.0,6.0,8.0,150,7.0,5.0,18.0,yes,160.0,Spring,Other,178.0,8,8
60,2023,6,grund3,12.15,UWI,2.0,N,316.0,3.0,awake,juice,other,yes,6,yes,2,6.0,1.0,1,do_not_mind,6.5,Microsoft,19,7.0,4.0,15.0,135,4.0,35.0,12.0,yes,180.0,Spring,milk,175.0,8,6
61,2023,9,carls36,12.15,UWI,12.0,W,400.0,7.0,energized,tea,other,yes,8,yes,3,2.0,4.0,4,No,9.5,Microsoft,17,8.0,14.0,17.0,23,6.0,10.0,7.0,yes,150.0,Summer,Other,174.0,9,9
62,2023,5,rotek,12.15,GESS,3.0,NE,112.0,6.0,awake,coffee,coffee,yes,6,yes,2,40.0,2.0,2,do_not_mind,5.5,Microsoft,16.5,5.0,13.0,17.0,30,0.0,20.0,5.0,yes,150.0,Summer,milk,170.0,5,5
63,2023,6,weidm50,12.15,UWI,5.0,NE,574.11,10.0,drowsy,coffee,coffee,yes,10,yes,1,6.0,3.0,4,No,4.5,Microsoft,18,6.0,25.0,12.0,90,4.0,82.0,13.0,yes,200.0,Summer,milk,158.0,1,5
64,2023,8,raube7,12.15,GESS,2.0,SW,483.0,2.0,awake,Coffee,coffee,yes,6,yes,1,3.0,4.0,5,do_not_mind,5.5,Apple,16,9.0,8.0,13.5,60,2.0,60.0,6.0,yes,175.0,Spring,milk,165.0,2,7
65,2023,2,sophi5,12.15,UWI,2.5,N,450.0,4.0,awake,Coffee,coffee,no,9,yes,1,4.0,1.0,4,No,5.0,Microsoft,16,4.0,,16.0,60,1.0,30.0,17.0,yes,200.0,Summer,Other,174.0,5,3
66,2023,4,ander59,12.15,UWI,2.5,NW,430.0,7.0,awake,Tea,other,yes,7,yes,1,0.0,2.0,1,No,5.0,Microsoft,16,5.0,18.0,16.0,30,0.0,,17.0,yes,200.0,Spring,sugar_milk,166.0,10,3
67,2023,5,thoma13,12.15,GESS,0.5,NW,152.0,1.0,tired,Mate,other,no,7,yes,1,3.0,1.0,1,do_not_mind,5.5,Apple,19,5.0,7.0,15.0,160,6.0,24.0,15.0,yes,130.0,Summer,Other,155.0,4,5
68,2023,5,chatt4,12.15,UWI,1.0,E,448.0,7.0,tired,juice,other,yes,7,yes,1,3.0,2.0,3,do_not_mind,6.5,Apple,16,5.0,4.0,16.4,100,3.0,67.0,9.0,yes,150.0,Spring,milk,178.0,5,5
69,2023,8,dortm13,12.15,GESS,1.0,SW,415.0,8.0,awake,Coffee,coffee,yes,8,yes,1,2.0,3.0,3,do_not_mind,6.5,Apple,17,9.0,11.0,14.0,100,2.0,10.0,25.0,yes,150.0,Spring,milk,168.0,6,8
70,2023,6,walds15,12.15,UWI,1.0,N,440.0,2.0,tired,Water,water,yes,9,yes,2,1.0,3.0,3,Yes,5.0,Microsoft,17,5.0,10.0,15.0,60,1.0,43.0,6.0,yes,160.0,Spring,Other,165.0,6,5
71,2023,5,obere4,12.15,UWI,2.9,SE,850.0,2.0,awake,tea,other,yes,7,yes,2,0.0,2.0,3,do_not_mind,4.0,Microsoft,13,7.0,2.0,11.0,30,2.0,30.0,10.0,yes,300.0,Spring,milk,160.0,2,7
72,2023,6,ricke16,12.15,GESS,2.0,NW,790.0,2.0,energized,tea,other,yes,8,yes,1,17.0,4.0,10,No,6.0,Microsoft,21,10.0,10.0,17.0,8,4.0,22.0,7.0,yes,190.0,Summer,milk,200.0,7,7
73,2023,8,dassa16,12.15,UWI,2.0,N,62.0,6.0,awake,coffee,coffee,yes,7,no,0,1.0,3.0,3,Yes,6.0,Apple,17,8.0,9.0,14.0,200,,31.0,21.0,No,250.0,Spring,black,169.0,3,7
74,2023,6,fritz14,12.15,GESS,1.5,NW,500.0,2.0,awake,coffee,coffee,yes,9,yes,1,4.0,2.0,2,No,6.0,Microsoft,19,7.0,1014.0,14.0,20,5.0,50.0,12.0,yes,250.0,Spring,milk,171.0,6,8
75,2023,9,eitin120,12.15,GESS,0.5,W,320.0,3.5,energized,tea,other,yes,7,yes,1,2.0,1.0,1,No,6.0,Apple,20,10.0,10.0,14.0,150,5.0,19.0,13.0,yes,150.0,Summer,milk,171.0,5,9
76,2023,5,avalo301,12.15,GESS,2.2,N,473.2,0.0,drowsy,Coffee,coffee,no,6,yes,1,1.0,3.0,3,do_not_mind,6.0,Apple,13,5.0,7.0,16.9,87.4,3.0,166.0,22.0,yes,200.0,Summer,sugar_milk,173.0,6,5
77,2023,8,nicol15,12.15,GESS,1.0,NE,1800.0,5.0,awake,coffee,coffee,yes,8,yes,1,1.0,4.0,4,do_not_mind,4.6,Microsoft,17.5,7.0,12.0,16.5,75,4.0,34.0,16.0,yes,150.0,Spring,black,158.0,7,8
78,2023,4,garte6,12.15,UWI,2.4,NW,500.0,3.0,drowsy,coffee,coffee,yes,6,yes,1,5.0,6.0,6,do_not_mind,4.0,Apple,13,1.0,9.0,15.0,100,3.0,30.0,10.0,yes,300.0,Fall,milk,163.0,4,4
79,2023,8,sprin6,12.15,GESS,0.5,NE,6510.0,4.0,energized,tea,other,yes,8,yes,1,2.0,5.0,5,Yes,6.0,Microsoft,19.5,9.0,6.0,15.0,114,5.0,29.0,8.0,yes,150.0,Summer,milk,163.0,3,8
80,2023,8,amred,12.15,UWI,2.4,NW,214.0,1.5,awake,Coffee,coffee,yes,7,yes,2,5.0,3.0,3,No,3.5,Apple,18,7.0,4.0,15.4,96,4.0,10.0,5.0,yes,80.0,Summer,milk,170.0,10,8
81,2023,7,etzes9,12.15,GESS,0.4,SE,65.0,0.0,tired,Water,water,yes,9,yes,1,1.0,1.0,1,do_not_mind,6.0,Microsoft,20,7.0,6.0,15.5,180,4.0,100.0,9.0,No,190.0,Summer,Other,175.0,7,8
82,2023,8,berlin43,12.15,GESS,55.0,N,166.0,1.0,tired,Tea,other,yes,7,no,0,1.0,1.0,2,No,6.5,Microsoft,14,5.0,10.0,15.0,36,0.0,30.0,8.0,yes,200.0,Summer,Other,168.0,4,4
83,2023,7,curri23,12.15,UWI,2.5,SW,7354.0,4.0,awake,Chai,other,yes,7,yes,4,0.0,3.0,3,No,4.0,Microsoft,8,6.0,6.0,10.37,125,3.0,27.0,7.0,yes,125.0,Spring,sugar_milk,157.0,7,8
84,2023,8,rainw5,12.15,UWI,0.5,SW,340.0,2.0,awake,Iced_Coffee,coffee,yes,8,yes,1,2.0,2.0,2,do_not_mind,6.5,Microsoft,18,5.0,8.0,15.0,33,5.0,47.0,12.0,yes,140.0,Spring,milk,165.0,4,8
85,2023,7,witte12e,12.15,GESS,2.4,W,572.0,2.0,awake,Kurkuma_latte,other,yes,8,yes,1,0.0,3.0,3,No,7.0,Microsoft,19,9.0,8.0,16.0,115,5.0,128.0,15.0,yes,220.0,Summer,milk,169.5,6,8
86,2023,7,poeth59,12.15,GESS,1.0,S,420.0,1.0,tired,tea,other,yes,6,yes,2,1.0,1.0,2,do_not_mind,6.4,Microsoft,20,5.0,15.0,15.5,90,4.0,40.0,15.0,yes,150.0,Spring,black,176.0,8,6
87,2023,6,ostwi23,12.15,UWI,0.5,SW,250.0,4.0,awake,tea,other,yes,8,yes,2,6.0,6.0,8,Yes,6.0,Microsoft,23,8.0,10.0,16.0,90,3.0,38.0,12.0,yes,120.0,Spring,sugar_milk,172.0,8,8
88,2023,7,alted39,12.15,UWI,2.3,NW,361.0,1.0,tired,Coffee,coffee,no,6,yes,1,4.0,2.0,2,Yes,6.0,Apple,19,5.0,5.0,15.5,3220,2.0,20.0,10.0,yes,250.0,Summer,milk,167.0,5,6
89,2023,8,kiele44,12.15,UWI,1.0,N,150.0,2.0,awake,Coffee,coffee,yes,7,yes,1,10.0,3.0,5,do_not_mind,6.0,Apple,20,6.0,8.0,14.5,120,3.0,64.0,14.0,yes,30.0,Spring,milk,166.0,3,8
90,2023,7,knig18,12.15,UWI,2.2,NE,677.0,3.0,awake,tea,other,yes,9,yes,1,4.0,1.0,1,do_not_mind,6.0,Microsoft,10,8.0,6.0,15.4,60,3.0,42.0,6.0,yes,130.0,Fall,Other,171.0,7,8
91,2023,7,lortz2a,12.15,UWI,2.2,N,160.0,1.0,awake,Coffee,coffee,yes,8,no,0,0.0,1.0,2,Yes,6.0,Microsoft,17,7.0,19.0,15.0,13,4.0,46.0,9.0,No,80.0,Summer,milk,162.0,7,7
92,2023,9,lilie6,12.15,UWI,1.0,S,796.0,5.0,awake,Coffee,coffee,no,7,no,0,2.0,3.0,5,No,3.0,Apple,15,7.0,6.0,12.0,160,6.0,48.0,20.0,yes,350.0,Spring,milk,169.0,1,8
93,2023,6,silos302,12.15,UWI,60.0,N,9464.0,3.0,tired,matcha,other,yes,8,yes,3,5.0,5.0,5,do_not_mind,5.0,Apple,13,5.0,8.0,15.0,52,1.0,60.0,20.0,yes,250.0,Summer,milk,163.0,5,6
94,2023,7,steil111,12.15,UWI,0.8,W,65.0,2.0,tired,coffee,coffee,yes,8,yes,1,1.0,3.0,3,No,7.0,Apple,16,5.0,20.0,14.0,120,5.0,54.0,20.0,yes,160.0,Summer,milk,186.0,6,7
95,2023,7,tiele1,12.15,UWI,3.0,S,90.0,2.0,tired,Coffee,coffee,no,7,yes,1,1.0,2.0,2,Yes,7.0,Microsoft,17,8.0,15.0,12.0,30,2.0,20.0,8.0,yes,250.0,Spring,milk,168.0,3,5
96,2023,7,meise4,12.15,UWI,0.2,E,360.0,0.5,awake,tea,other,yes,8,no,0,1.0,3.0,2,do_not_mind,5.0,Microsoft,20,7.0,6.0,15.0,95,2.0,21.0,12.0,yes,230.0,Fall,milk,167.0,7,8
97,2023,7,augus85,12.15,GESS,3.0,S,240.0,2.0,awake,water,water,no,7,yes,2,2.0,2.0,2,Yes,6.0,Microsoft,21,7.0,3.0,18.0,90,4.0,25.0,10.0,yes,140.0,Summer,sugar_milk,172.0,4,7
98,2023,6,masch4b,12.15,UWI,0.4,NW,40.0,1.5,tired,tea,other,yes,7,yes,1,6.0,4.0,2,Yes,5.0,Microsoft,18,5.0,6.0,17.0,60,1.0,59.0,14.0,yes,200.0,Winter,milk,178.0,9,7
99,2023,8,nordm28,12.15,UWI,1.4,N,70.0,5.0,energized,Juice,other,yes,9,no,0,1.0,4.0,4,No,6.0,Microsoft,20.5,9.0,10.0,17.0,90,3.0,43.0,23.0,yes,250.0,Summer,milk,167.0,6,8
100,2023,7,flint50,12.15,UWI,3.5,SW,150.0,6.0,awake,coffee,coffee,yes,7,yes,2,7.0,2.0,2,do_not_mind,6.0,Microsoft,20,8.0,9.0,16.2,25,,85.0,6.0,yes,250.0,Summer,milk,175.0,7,7
101,2023,8,wiede14a,12.15,UWI,0.8,W,71.0,3.0,awake,water,water,yes,8,yes,2,2.0,3.0,3,do_not_mind,5.5,Apple,13,7.0,6.0,14.0,120,5.0,78.0,18.0,yes,150.0,Fall,milk,177.0,7,8
102,2023,9,goeth4,12.15,UWI,3.0,N,335.0,1.0,energized,coffee,coffee,no,9,yes,2,3.0,4.0,5,do_not_mind,5.0,Apple,19,9.0,8.0,15.0,70,2.0,67.0,11.0,yes,200.0,Fall,milk,173.0,2,9
103,2023,8,goebe7,12.15,UWI,3.1,NE,60.0,5.0,awake,tea,other,yes,7,yes,1,1.0,4.0,4,No,6.7,Microsoft,20.5,8.0,5.0,13.5,60,2.0,66.0,9.0,No,350.0,Spring,black,178.0,4,9
104,2023,9,neide10,12.15,UWI,0.2,N,280.0,1.0,awake,milk,other,yes,7,yes,4,30.0,3.0,4,Yes,5.5,Apple,18,8.0,30.0,15.0,54,1.0,45.0,20.0,yes,200.0,Fall,sugar_milk,167.0,7,8
105,2023,8,dorfs44,12.15,UWI,2.3,NW,290.0,2.0,awake,tea,other,yes,8,yes,2,8.0,3.0,2,No,6.0,Microsoft,20,5.0,13.0,15.0,350,9.0,90.0,13.0,No,150.0,Summer,milk,178.0,7,6
106,2023,8,kehrw7,12.15,UWI,32.0,S,32.0,6.0,energized,water,water,no,7,yes,1,1.0,2.0,2,do_not_mind,6.0,Microsoft,21,6.0,11.0,15.0,25,0.0,119.0,8.0,yes,350.0,Winter,milk,172.0,5,8
107,2023,6,marti11,12.15,UWI,37.0,S,270.0,1.0,awake,coffee,coffee,yes,8,no,0,2.0,2.0,3,Yes,4.0,Microsoft,,7.0,7.0,13.2,60,1.0,38.0,10.0,yes,140.0,Spring,milk,163.0,8,6
108,2023,6,weste5,12.15,UWI,3.0,NW,380.0,1.0,energized,water,water,yes,7,yes,2,4.0,2.0,3,No,7.5,Microsoft,20,7.0,9.0,16.0,90,4.0,60.0,12.0,yes,150.0,Spring,milk,170.0,1,6
109,2023,8,hanss206,12.15,UWI,48.0,NW,55.0,1.0,awake,Coffee,coffee,yes,6,yes,2,0.0,4.0,4,No,6.0,Microsoft,22,6.0,3.0,16.8,39,3.0,23.0,28.0,yes,150.0,Summer,sugar_milk,168.0,1,8
110,2023,7,stran87,12.15,UWI,2.6,N,59.0,4.0,awake,juice,other,yes,7,yes,2,0.0,2.0,3,Yes,6.5,Both,18,8.0,12.0,15.0,35,1.0,58.0,12.0,yes,0.3,Summer,sugar_milk,189.0,3,8
111,2023,6,freiw9,12.15,UWI,7.3,SW,65.0,10.0,tired,Water,water,yes,7,yes,2,8.0,2.0,2,No,7.0,Apple,20,6.0,20.0,16.0,53,1.0,63.0,5.0,yes,100.0,Summer,sugar_milk,163.0,3,6
112,2023,8,winke21,12.15,UWI,0.8,W,484.0,4.0,drowsy,water,water,yes,8,yes,1,3.0,2.0,2,do_not_mind,5.0,Microsoft,15,6.0,15.0,13.0,20,5.0,60.0,20.0,yes,130.0,Summer,Other,179.0,4,8
113,2023,10,berga12,12.15,UWI,2.7,N,572.0,4.0,tired,tea,other,yes,8,yes,1,0.0,3.0,2,Yes,7.0,Apple,15,2.0,25.0,13.0,95,3.0,50.0,15.0,yes,300.0,Winter,Other,186.5,2,10
114,2023,7,estew5h,12.15,UWI,2.1,SE,78.0,2.0,awake,Water,water,yes,8,yes,1,2.0,1.0,2,do_not_mind,5.0,Microsoft,19,6.0,6.0,15.0,80,2.0,126.0,11.0,yes,150.0,Spring,milk,170.0,4,5
115,2023,9,wilhe25,12.15,UWI,0.8,NW,424.0,1.5,awake,Water,water,yes,9,no,0,0.0,2.0,2,do_not_mind,4.0,Apple,20,8.0,20.0,13.0,140,5.0,80.0,12.0,yes,120.0,Spring,Other,162.0,4,8
116,2023,6,ahrst41,12.15,UWI,5.0,SE,487.0,2.0,tired,Water,water,no,8,yes,1,1.0,2.0,2,No,4.0,Apple,19,5.0,20.0,15.4,140,2.0,56.0,11.0,yes,130.0,Winter,Other,167.0,9,6
117,2023,6,rober22,12.15,UWI,2.0,S,700.0,2.0,awake,tea,other,yes,8,yes,2,3.0,2.0,2,Yes,7.0,Microsoft,20,6.0,10.0,14.5,80,2.0,138.0,18.0,yes,220.0,Spring,Other,170.0,2,6
118,2023,8,hinri23,12.15,UWI,2.0,S,320.0,1.0,energized,tea,other,yes,8,yes,1,0.0,1.0,2,do_not_mind,6.5,Microsoft,19.5,8.0,9.0,14.0,80,2.0,80.0,11.0,yes,100.0,Spring,black,173.0,3,9
119,2023,7,valle,12.15,UWI,2.3,NW,9340.0,1.0,tired,Water,water,yes,7,yes,1,9.0,3.0,3,do_not_mind,5.7,Apple,19.5,5.0,7.0,15.5,80,2.0,80.0,12.0,No,300.0,Summer,milk,183.0,8,7
120,2023,5,ambah31,12.15,UWI,0.5,W,180.0,0.0,tired,tea,other,yes,8,no,0,5.0,2.0,2,No,5.0,Microsoft,,4.0,8.0,12.0,70,2.0,60.0,6.0,yes,180.0,Spring,Other,167.0,6,5
121,2023,7,goldf11,12.15,UWI,2.0,N,350.0,1.0,energized,tea,other,yes,7,yes,2,3.0,10.0,4,No,6.5,Microsoft,21,8.0,5.0,16.0,100,5.0,24.0,10.0,yes,300.0,Spring,milk,180.0,8,8
122,2023,5,berne166,12.15,UWI,3.0,NW,720.0,3.0,tired,Coffee,coffee,yes,8,yes,1,1.0,2.0,3,No,5.0,Apple,,8.0,10.0,12.0,60,2.0,30.0,20.0,yes,300.0,Summer,milk,170.0,4,4
123,2023,7,aufde2,12.15,UWI,2.0,NW,166.0,4.0,tired,water,water,yes,8,yes,1,1.0,3.0,3,do_not_mind,4.5,Microsoft,17,2.0,3.0,17.0,80,2.0,28.0,12.0,yes,480.0,Spring,Other,162.0,2,9
124,2023,8,muent24,12.15,UWI,0.5,W,40.0,4.0,energized,tea,other,yes,8,yes,1,1.0,5.0,5,do_not_mind,6.5,Microsoft,19,8.0,10.0,16.5,80,1.0,146.0,10.0,yes,150.0,Summer,milk,175.0,6,8
125,2023,5,berne166,12.15,UWI,3.0,NW,720.0,3.0,tired,Coffee,coffee,yes,8,yes,1,1.0,2.0,3,No,5.0,Apple,,8.0,10.0,12.0,60,2.0,30.0,20.0,yes,300.0,Summer,milk,170.0,4,4
126,2023,6,koene3,12.15,UWI,4.0,N,130.0,1.0,awake,tea,other,yes,8,yes,1,4.0,1.0,1,Yes,5.5,Microsoft,16,7.0,14.0,14.0,100,3.0,4.0,10.0,yes,130.0,Spring,Other,156.0,7,8
127,2023,5,marco43,8.15,GESS,0.1,N,1000.0,2.0,tired,milk,other,yes,5,yes,1,6.0,3.0,3,No,5.5,Apple,17.8,5.0,12.0,11.6,60,2.0,21.0,10.0,yes,200.0,Spring,Other,169.0,7,5
128,2023,9,kasta1a,12.15,UWI,0.0,NW,100.0,2.0,tired,tea,other,yes,7,yes,3,20.0,3.0,3,Yes,6.0,Microsoft,17,6.0,30.0,15.0,45,1.0,38.0,25.0,yes,500.0,Summer,Other,169.0,7,9
129,2023,8,naber10,12.15,UWI,0.2,W,86.0,6.0,awake,coffee,coffee,yes,8,yes,2,4.0,1.0,2,Yes,5.0,Apple,,6.0,8.0,10.0,85,3.0,30.0,13.0,yes,250.0,Summer,milk,165.0,5,7
130,2023,7,thade80,8.15,GESS,45.0,NW,45.0,6.0,awake,Coffee,coffee,yes,7,yes,2,0.0,2.0,2,No,6.0,Apple,17,4.0,9.0,14.0,94,2.0,60.0,14.0,yes,250.0,Winter,sugar_milk,183.0,7,6
131,2023,6,w107,8.15,GESS,0.1,N,340.0,2.0,tired,coffee,coffee,yes,8,yes,5,2.0,3.0,4,do_not_mind,6.0,Microsoft,18,6.0,10.0,15.0,12,3.0,34.0,15.0,No,200.0,Summer,milk,167.0,3,5
132,2024,3,govern,8.15,GESS,7.0,S,4000.0,12.0,awake,tea,other,yes,7,yes,4,2.0,0.0,0,do_not_mind,2.5,Apple,8,5.0,4.0,17.0,10,2.0,20.0,5.0,yes,125.0,Summer,sugar_milk,171.0,1,6
133,2024,5,schul26,8.15,GESS,1.5,N,450.0,0.0,awake,water,water,no,7,yes,1,0.0,2.0,2,do_not_mind,5.0,Microsoft,20,7.0,7.0,16.0,60,1.0,20.0,10.0,yes,250.0,Spring,black,182.0,4,10
134,2024,5,agtriada,8.15,GESS,45.0,NW,3000.0,0.0,awake,coffee,coffee,yes,6,yes,1,0.0,3.0,3,No,3.0,Microsoft,6.7,7.0,5.0,15.6,33.3,0.0,20.0,5.0,yes,200.0,Summer,milk,160.0,8,5
135,2024,7,amfin20,8.15,GESS,3.5,N,405.0,5.0,awake,tea,other,yes,8,yes,4,5.0,4.0,2,do_not_mind,6.0,Microsoft,14,9.0,3.0,3.0,120,3.0,0.0,14.0,yes,140.0,Spring,Other,181.0,1,8
136,2024,5,bern15,8.15,GESS,1.5,NE,40.0,3.0,drowsy,Juice,other,yes,8,yes,2,13.0,4.0,5,Yes,6.0,Apple,14,7.0,8.0,14.0,60,2.0,30.0,14.0,yes,100.0,Summer,milk,181.0,2,4
137,2024,8,kirch4,8.15,GESS,0.5,N,300.0,2.0,awake,water,water,yes,8,yes,1,1.0,2.0,2,do_not_mind,5.0,Microsoft,16,6.0,9.0,14.0,57,2.0,20.0,8.0,yes,180.0,Summer,Other,167.0,4,6
138,2024,8,egels17,8.15,GESS,0.1,S,800.0,,awake,Water,water,yes,8,yes,1,1.0,3.0,4,Yes,3.0,Microsoft,13,9.0,4.0,10.0,90,5.0,,12.0,yes,100.0,Spring,milk,162.0,1,8
139,2024,5,cleme72,8.15,GESS,2.3,NW,30.0,,awake,coffee,coffee,yes,7,yes,1,2.0,3.0,3,No,7.0,Microsoft,21,5.0,4.0,11.94,100,4.0,,10.0,yes,200.0,Spring,black,177.0,8,5
140,2024,6,riggae1,8.15,GESS,4.0,N,6760.0,1.0,tired,water,water,no,6,yes,1,4.0,3.0,3,No,5.0,Both,13,3.0,12.0,15.5,44,3.0,43.0,7.0,yes,150.0,Spring,Other,165.0,6,6
141,2024,8,feuer40,8.15,GESS,3.0,N,377.0,3.0,awake,water,water,yes,9,yes,3,1.0,3.0,2,do_not_mind,5.0,Microsoft,17,8.0,4.0,14.0,60,1.0,102.0,15.0,yes,220.0,Spring,black,170.0,6,8
142,2024,7,lambs49,8.15,GESS,0.5,S,563.0,2.0,tired,Water,water,yes,6,yes,1,1.0,2.0,3,Yes,6.5,Apple,18,8.0,6.0,12.0,110,4.0,33.0,12.0,No,150.0,Summer,sugar_milk,171.0,9,7
143,2024,2,kreis1,8.15,GESS,280.0,SE,260.0,9.0,awake,tea,other,yes,7,yes,2,1.0,1.0,1,Yes,5.8,Apple,21,6.0,8.0,12.0,18,3.0,60.0,12.0,yes,150.0,Spring,Other,160.0,8,3
144,2024,6,stegl44,8.15,GESS,3.8,N,290.0,2.5,awake,Juice,other,yes,7,no,0,1.0,4.0,5,No,6.0,Microsoft,19.5,5.0,9.0,16.5,100,5.0,27.0,27.0,No,120.0,Summer,Other,172.0,5,6
145,2024,6,pushk47,8.15,GESS,2.0,N,3366.0,3.0,drowsy,green_tea,other,yes,8,yes,1,1.0,3.0,3,No,5.7,Microsoft,16.7,7.0,10.0,15.0,125,1.0,66.0,4.0,yes,350.0,Spring,Other,162.0,4,6
146,2024,10,ricke,8.15,GESS,2.0,N,1000.0,4.0,awake,tea,other,yes,7,yes,1,14.0,3.0,4,No,9.0,Microsoft,15,4.0,10.0,12.0,100,5.0,500.0,194.0,No,100.0,Summer,milk,168.0,7,10
147,2024,7,kreis13,8.15,GESS,4.0,N,60.0,4.0,awake,black_tea,black_tea,yes,8,yes,3,2.0,2.0,3,No,6.5,Apple,19,7.0,11.0,15.4,32,1.0,92.0,13.0,yes,200.0,Spring,milk,168.0,4,7
148,2024,7,t1,8.15,GESS,3.0,N,313.0,2.0,awake,,,yes,8,yes,4,1.0,3.0,3,do_not_mind,5.0,Apple,21,9.0,13.0,14.0,105,2.0,75.0,27.0,yes,150.0,Summer,milk,165.0,4,7
149,2024,3,westp14,8.15,GESS,3.0,SE,12388.0,2.0,awake,Chocolate,other,yes,7,yes,2,6.0,3.0,3,do_not_mind,5.7,Microsoft,19,7.0,6.0,16.5,219.1,9.0,100.0,18.0,No,60.0,Summer,Other,165.0,2,4
150,2024,3,hanss14,8.15,GESS,2.0,N,729.0,1.0,tired,tea,other,yes,7,yes,1,3.0,2.0,3,No,6.7,Microsoft,22.3,2.0,4.0,20.0,100,5.0,69.0,9.0,No,100.0,Fall,black,164.0,1,0
151,2024,7,bankc273,8.15,GESS,4.1,SE,8529.0,0.0,awake,Coffee,coffee,no,9,yes,3,3.0,2.0,3,No,5.0,Microsoft,18,6.0,3.0,16.0,84,3.0,15.0,3.0,yes,100.0,Spring,sugar_milk,158.0,2,6
152,2024,10,gener35,8.15,GESS,1.8,N,63.0,0.0,awake,tea,other,yes,7,yes,1,0.0,3.0,4,Yes,5.5,Both,17,9.0,5.0,12.0,160,3.0,57.0,6.0,yes,150.0,Spring,black,161.0,2,10
153,2024,4,schil16,8.15,GESS,2.2,NW,280.0,7.0,awake,Coffee,coffee,yes,8,no,0,5.0,2.0,3,No,5.9,Both,14.8,6.0,6.0,14.5,69m2,2.0,9.0,7.0,No,120.0,Spring,Other,159.0,5,6
154,2024,7,amdor45,8.15,GESS,2.5,S,130.0,6.0,awake,tea,other,yes,8,yes,1,6.0,1.0,1,No,6.0,Microsoft,18.5,6.0,6.0,17.0,80,3.0,10.0,18.0,yes,120.0,Summer,sugar_milk,170.0,5,4
155,2024,7,brliz22,8.15,GESS,0.4,NW,1540.0,2.0,awake,tea,other,yes,7,yes,1,1.0,5.0,5,do_not_mind,6.0,Neither,19,8.0,5.0,16.256,40,2.0,82.0,11.0,yes,300.0,Spring,milk,175.0,7,8
156,2024,4,kortl2,8.15,GESS,3.5,N,151.0,2.0,awake,Coffee,coffee,yes,8,yes,1,5.0,4.0,4,Yes,5.8,Apple,20.5,6.0,7.0,15.5,120,2.0,57.0,18.0,yes,200.0,Summer,milk,165.0,3,5
157,2024,7,lippo18,8.15,GESS,4.0,SW,117.0,3.5,tired,coffee,coffee,yes,7,yes,3,0.0,2.0,2,No,6.0,Microsoft,16,4.0,8.0,12.0,260,5.0,40.0,17.0,yes,250.0,Spring,milk,164.0,6,6
158,2024,9,stck71,8.15,GESS,14.0,N,65.0,7.0,tired,Water,water,yes,7,yes,1,2.0,2.0,2,Yes,7.0,Apple,20,9.0,8.0,13.5,200,4.0,133.0,18.0,yes,200.0,Summer,black,190.0,4,9
159,2024,7,strd10,8.15,GESS,2.1,N,124.0,4.0,awake,water,water,yes,8,yes,2,18.0,3.0,3,Yes,6.0,Apple,18,7.0,6.0,14.0,120,3.0,75.0,12.0,yes,180.0,Summer,milk,173.0,2,8
160,2024,9,blch,8.15,GESS,2.5,N,370.0,2.0,awake,Coffee,coffee,no,6,yes,1,24.0,4.0,5,Yes,6.7,Neither,21,9.0,7.0,17.5,72.4,2.0,126.0,20.0,yes,150.0,Summer,milk,174.0,7,8
161,2024,5,ather15,8.15,GESS,0.5,S,5861.0,7.0,awake,Water,water,yes,7,yes,4,3.0,7.0,7,do_not_mind,5.0,Apple,18,7.0,12.0,15.5,100,5.0,155.0,25.0,yes,150.0,Fall,sugar_milk,155.0,4,7
162,2024,6,stein4,8.15,GESS,0.5,NE,105.0,4.0,tired,Water,water,yes,7,yes,1,,3.0,3,Yes,6.5,Microsoft,Na,8.0,10.0,14.5,180,5.0,47.0,13.0,yes,150.0,Spring,milk,163.0,5,3
163,2024,5,garte3,8.15,GESS,0.7,E,263.0,2.0,drowsy,milk,other,yes,7,yes,1,11.0,1.0,1,do_not_mind,5.5,Microsoft,14.2,7.0,6.0,15.3,141.9,5.0,59.0,12.0,yes,170.0,Spring,Other,163.0,7,7
164,2024,9,nuova9,8.15,GESS,5.0,NE,1718.0,5.0,tired,water,water,yes,6,yes,1,3.0,2.0,2,do_not_mind,3.0,Microsoft,9,8.0,6.0,8.0,90,2.0,8.0,7.0,yes,150.0,Spring,Other,166.0,3,10
165,2024,5,abels7,12.15,GESS,3.0,N,58.0,8.0,awake,water,water,yes,7,yes,4,9.0,3.0,4,Yes,4.0,Apple,11,6.0,4.0,9.0,74,2.0,20.0,22.0,yes,200.0,Fall,black,168.0,8,5
166,2024,5,b3,12.15,GESS,0.5,SW,90.0,8.0,tired,Juice,other,yes,8,yes,3,0.0,2.0,2,No,7.0,Microsoft,20,7.0,7.0,17.0,80,4.0,26.0,11.0,yes,250.0,Fall,milk,172.0,8,5
167,2024,8,gerst7,12.15,UWI,2.3,NW,265.0,9.0,awake,Water,water,yes,9,yes,1,2.0,4.0,4,do_not_mind,6.5,Both,18,7.0,8.0,16.0,22,6.0,25.0,10.0,yes,230.0,Summer,Other,189.0,5,8
168,2024,8,dorot129,12.15,GESS,4.0,NW,65.0,2.0,drowsy,coffee,coffee,yes,7,yes,1,1.0,2.0,2,do_not_mind,4.0,Microsoft,15,7.0,4.0,14.0,100,5.0,20.0,12.0,yes,80.0,Spring,milk,164.0,2,7
169,2024,8,veilc9,12.15,GESS,1.5,S,500.0,5.0,energized,Chai,other,yes,8,yes,1,3.0,3.0,1,Yes,7.0,Microsoft,19,7.0,6.0,17.0,,7.0,74.0,,yes,200.0,Summer,Other,178.0,7,6
170,2024,7,dorfs8,12.15,GESS,2.0,NE,70.0,1.0,drowsy,Cappuccino,coffee,yes,9,no,0,8.0,2.0,2,do_not_mind,6.0,Neither,20,4.0,25.0,17.0,80,1.0,75.0,8.0,yes,200.0,Spring,milk,175.0,6,7
171,2024,6,goldf11,12.15,UWI,3.0,N,374.0,2.0,awake,tea,other,yes,7,yes,2,3.0,4.0,4,No,5.0,Microsoft,15,6.0,7.0,9.0,150,4.0,10.0,8.0,yes,370.0,Spring,milk,180.0,8,6
172,2024,7,heide40,12.15,GESS,0.4,SW,700.0,3.0,awake,tea,other,yes,8,yes,1,0.0,2.0,2,Yes,6.0,Microsoft,18,7.0,14.0,15.0,113,2.0,85.0,7.0,yes,260.0,Summer,milk,175.0,3,7
173,2024,9,lemsa8,12.15,UWI,5.0,NE,68.0,15.0,awake,Apfelsafteis,other,yes,9,yes,2,0.0,1.0,1,No,8.0,Microsoft,20,7.0,7.0,17.0,19,5.0,178.0,10.0,yes,280.0,Summer,black,188.0,10,9
174,2024,7,nieve8,12.15,GESS,3.0,NW,400.0,2.0,awake,water,water,yes,9,yes,1,3.0,1.0,1,No,5.0,Microsoft,17,5.0,5.0,15.0,80,3.0,25.0,13.0,yes,120.0,Spring,Other,162.0,5,7
175,2024,7,ronze28,12.15,UWI,0.2,W,110.0,3.5,awake,coffee,coffee,yes,8,yes,2,1.0,3.0,3,Yes,6.0,Microsoft,16,8.0,5.0,14.5,230,5.0,100.0,18.0,yes,300.0,Fall,milk,172.0,3,8
176,2024,7,amsel9,12.15,GESS,0.5,S,700.0,3.0,awake,Water,water,yes,8,yes,1,2.0,4.0,4,No,5.0,Microsoft,15,5.0,10.0,16.5,180,3.0,70.0,17.0,No,300.0,Spring,milk,173.0,7,6
177,2024,8,raben10,12.15,GESS,2.0,N,700.0,12.0,awake,Water,water,no,6,yes,1,3.0,3.0,3,No,7.5,Microsoft,17.1,7.0,5.0,16.0,70,3.0,40.0,11.0,yes,200.0,Summer,black,174.0,6,7
178,2024,8,amdiek6,12.15,UWI,3.3,N,152.0,5.0,awake,tea,other,yes,8,yes,1,4.0,2.0,1,No,6.3,Microsoft,18.5,6.0,8.0,15.0,30,0.0,35.0,15.0,yes,150.0,Spring,milk,166.0,8,7
179,2024,8,josef34,12.15,UWI,3.0,SW,340.0,4.0,awake,coffee,coffee,yes,8,yes,2,4.0,3.0,3,do_not_mind,6.0,Microsoft,22,8.0,3.0,16.0,120,4.0,5.0,10.0,yes,450.0,Spring,milk,179.0,4,8
180,2024,4,holbe75,12.15,UWI,3.7,N,350.0,11.0,awake,water,water,yes,7,yes,2,0.0,3.0,2,Yes,5.75,Both,21.7,3.0,5.0,16.0,250,4.0,80.0,9.0,No,300.0,Fall,Other,178.0,2,3
181,2024,2,rappo9a,12.15,GESS,0.3,W,476.0,4.0,tired,tea,other,yes,9,yes,1,0.0,4.0,4,do_not_mind,5.5,Both,17,4.0,4.0,14.0,50,1.0,30.0,11.0,yes,300.0,Fall,Other,166.0,8,2
182,2024,7,haupt4,12.15,GESS,3.0,N,200.0,1.0,awake,tea,other,yes,7,yes,1,2.0,2.0,3,Yes,5.0,Both,18,6.0,9.0,16.5,80,1.0,35.0,17.0,yes,100.0,Summer,milk,158.0,7,8
183,2024,5,diete57,12.15,GESS,2.0,N,100.0,5.0,tired,Espresso,coffee,yes,8,yes,2,3.0,2.0,2,do_not_mind,6.3,Microsoft,22,4.0,13.0,17.2,111,2.0,122.0,11.0,yes,250.0,Summer,milk,177.0,2,6
184,2024,3,hecht11,12.15,GESS,5.0,NE,300.0,2.0,awake,Juice,other,yes,7,yes,4,23.0,2.0,2,do_not_mind,7.0,Apple,23.5,6.0,14.0,15.0,50,1.0,50.0,22.0,yes,200.0,Spring,sugar_milk,180.0,9,8
185,2024,8,amsta75,12.15,GESS,1.5,SW,54.0,4.0,awake,Coffee,coffee,yes,7,yes,1,5.0,3.0,3,Yes,6.0,Apple,20,6.0,9.0,14.86,85,4.0,110.0,11.0,yes,100.0,Summer,milk,165.0,7,9
186,2024,7,aufde55,12.15,GESS,50.0,SW,500.0,8.0,awake,tea,other,yes,8,yes,1,2.0,4.0,3,Yes,4.0,Apple,17.5,6.0,,13.0,20,5.0,30.0,40.0,yes,200.0,Summer,Other,165.0,3,6
187,2024,7,mhle18,12.15,UWI,2.0,N,177.0,2.0,tired,water,water,yes,9,yes,1,0.0,2.0,3,No,6.0,Apple,21,6.0,12.0,15.0,150,4.0,43.0,13.0,yes,180.0,Summer,Other,169.0,4,6
188,2024,8,winde11,12.15,UWI,3.0,NW,463.0,4.0,awake,Coffee,coffee,yes,7,yes,2,6.0,1.0,3,do_not_mind,5.3,Microsoft,17,7.0,20.0,16.0,30,0.0,35.0,9.0,yes,175.0,Summer,milk,155.0,3,8
189,2024,7,wrang29,12.15,UWI,3.0,NW,155.0,3.0,awake,green_tea,other,yes,8,no,0,1.0,3.0,4,do_not_mind,7.0,Microsoft,20,6.0,3.0,17.0,89,2.0,112.0,13.0,yes,200.0,Spring,milk,176.0,6,7
190,2024,7,ecken5,12.15,GESS,0.2,E,766.0,2.0,awake,coffee,coffee,no,8,yes,3,0.0,4.0,4,No,6.5,Microsoft,21,5.0,9.0,19.0,136,5.0,29.0,10.0,yes,200.0,Spring,milk,170.0,7,7
191,2024,5,wmm64,12.15,UWI,3.0,NW,33.0,0.0,drowsy,coffee,coffee,yes,8,yes,1,1.0,2.0,2,No,6.0,Apple,20,,1.5,15.54,120,5.0,87.0,8.0,yes,133.0,Summer,milk,175.0,7,5
192,2024,5,haupt11,12.15,UWI,3.0,W,750.0,4.0,tired,tea,other,yes,9,yes,3,5.0,4.0,4,do_not_mind,,Microsoft,20,7.0,5.0,7.0,124,5.0,10.0,10.0,No,200.0,Spring,milk,175.0,4,5
193,2024,7,stein15,12.15,UWI,1.4,N,272.0,5.0,awake,tea,other,yes,8,yes,1,5.0,5.0,5,do_not_mind,6.0,Microsoft,20.5,6.0,5.0,14.351,90,3.0,111.0,21.0,No,220.0,Summer,milk,170.0,8,8
194,2024,8,mulac17,12.15,GESS,0.7,W,412.0,1.0,awake,coffee,coffee,yes,7,yes,1,4.0,2.0,2,do_not_mind,5.5,Apple,16,7.0,13.0,14.5,180,3.0,145.0,21.0,yes,300.0,Spring,milk,169.0,2,8
195,2024,5,mlle4,12.15,GESS,0.2,W,80.0,4.0,awake,coffee,coffee,yes,8,yes,2,10.0,4.0,4,Yes,5.0,Apple,19,5.0,8.0,15.5,136,5.0,46.0,14.0,yes,130.0,Summer,milk,161.0,7,5
196,2024,8,ander9,12.15,GESS,0.4,N,300.0,3.0,awake,Chocolate,other,yes,8,no,0,300.0,3.0,3,No,6.0,Microsoft,19,6.0,5.0,16.0,50,1.0,74.0,14.0,yes,150.0,Spring,Other,166.0,7,8
197,2024,8,alt60,12.15,GESS,5.0,N,57.0,3.0,awake,Coffee,coffee,yes,8,yes,1,0.0,3.0,3,Yes,6.0,Both,12,3.0,3.0,14.0,50,1.0,55.0,10.0,yes,50.0,Summer,milk,170.0,5,8
198,2024,4,brkl12,12.15,UWI,1.0,W,500.0,2.0,tired,tea,other,yes,9,yes,2,2.0,3.0,2,Yes,4.4,Microsoft,18,6.0,10.0,14.0,120,5.0,13.0,18.0,yes,70.0,Spring,Other,169.0,8,6
199,2024,7,ofe52,12.15,GESS,7.0,N,200.0,8.0,tired,tea,other,yes,6,yes,2,3.0,4.0,2,No,6.5,Microsoft,14,3.0,1.0,15.0,50,2.0,53.0,13.0,yes,300.0,Spring,sugar_milk,193.0,8,6
200,2024,4,hecht11,12.15,GESS,5.0,NE,300.0,2.0,awake,Juice,other,yes,7,yes,4,23.0,2.0,2,do_not_mind,7.0,Apple,23.5,6.0,14.0,15.0,50,1.0,50.0,22.0,yes,200.0,Spring,sugar_milk,180.0,9,8
201,2024,7,wacht27,12.15,GESS,2.2,NW,57.0,4.0,energized,water,water,yes,7,yes,3,5.0,3.0,3,do_not_mind,6.0,Apple,19,7.0,6.0,18.0,47,1.0,50.0,6.0,yes,100.0,Fall,Other,163.0,10,5
202,2024,5,sinst18,12.15,GESS,50.0,SE,50.0,1.0,awake,Water,water,yes,6,yes,1,0.0,4.0,4,No,7.0,Microsoft,18,7.0,3.0,16.0,100,2.0,30.0,8.0,yes,50.0,Fall,Other,180.0,4,5
203,2024,4,mozar3,12.15,GESS,145.1,S,8402.0,10.0,awake,coffee,coffee,no,5,no,0,8.0,6.0,6,Yes,7.0,Apple,30,4.0,5.0,17.0,70,3.0,,20.0,yes,600.0,Summer,sugar_milk,180.0,5,4
204,2024,5,karls1,12.15,UWI,2.0,N,10.0,1.0,awake,coffee,coffee,no,8,yes,1,3.0,2.0,3,do_not_mind,4.0,Apple,14,7.0,4.0,13.0,150,5.0,9.0,20.0,yes,250.0,Spring,milk,172.0,3,6
205,2024,7,niitt29,12.15,GESS,3.0,NW,1472.0,4.0,awake,Coffee,coffee,yes,9,yes,2,0.0,4.0,4,Yes,5.5,Apple,20,6.0,10.0,15.0,60,3.0,58.0,22.0,yes,100.0,Spring,milk,163.0,4,6
206,2024,7,anna5,12.15,UWI,0.0,SE,750.0,6.0,awake,Water,water,yes,9,yes,2,2.0,2.0,3,No,7.0,Apple,18,7.0,10.0,15.0,,5.0,60.0,11.0,yes,60.0,Summer,Other,171.0,7,7
207,2024,5,heitz,12.15,UWI,3.0,N,40.0,4.0,awake,Chocolate,other,yes,9,yes,2,,2.0,2,Yes,4.0,Microsoft,18,6.0,8.0,13.0,120,8.0,15.0,10.0,yes,200.0,Spring,Other,170.0,1,6
208,2024,8,abegg,12.15,UWI,0.01,SE,498.0,0.0,awake,coffee,coffee,yes,7,yes,1,1.0,,4,Yes,4.5,Apple,17,7.0,10.0,13.5,110,4.0,35.0,22.0,No,250.0,Spring,milk,160.0,6,8
209,2024,6,ampfahlgraben9,12.15,UWI,2.8,SW,323.0,10.0,drowsy,tea,other,yes,6,yes,1,1.0,3.0,3,do_not_mind,5.5,Apple,18.5,3.0,8.0,14.5,150,4.0,163.0,34.0,yes,344.0,Summer,milk,184.0,8,8
210,2024,7,brege,12.15,UWI,0.5,W,750.0,5.0,energized,coffee,coffee,no,8,yes,1,1.0,2.0,2,do_not_mind,6.0,Microsoft,18.5,6.0,4.0,14.0,16,2.0,9.0,22.0,yes,270.0,Summer,milk,168.0,3,7
211,2024,3,marie20,12.15,UWI,27.0,NE,32.0,0.0,tired,,,no,10,yes,1,0.0,2.0,2,do_not_mind,6.5,Microsoft,20.5,4.0,4.0,15.494,72,2.0,118.0,8.0,yes,20.0,Spring,Other,178.0,5,5
212,2024,8,gussa107,12.15,UWI,0.5,NE,48.0,2.0,awake,coffee,coffee,yes,9,yes,2,39.0,2.0,2,No,6.0,Microsoft,19,6.0,6.0,15.0,46,1.0,22.0,8.0,yes,250.0,Spring,milk,163.0,8,8
213,2024,6,oster1,12.15,UWI,2.0,NW,203.0,6.0,awake,Water,water,yes,8,yes,2,4.0,4.0,2,do_not_mind,6.5,Microsoft,24,,6.0,17.5,27,0.0,50.0,5.0,yes,125.0,Summer,black,192.0,3,6
214,2024,3,ernstb21,12.15,GESS,3.0,NE,350.0,4.0,awake,coffee,coffee,yes,6,yes,1,3.0,1.0,3,,7.5,Apple,19.5,6.0,6.0,5.6,65,1.0,32.0,26.0,yes,120.0,Fall,milk,194.0,8,4
215,2024,6,linde23,12.15,GESS,1.0,E,500.0,4.0,awake,water,water,yes,6,yes,1,0.0,4.0,4,No,6.2,Apple,22,5.0,10.0,15.5,35,5.0,25.0,29.0,yes,150.0,Spring,sugar_milk,172.0,7,6
216,2024,7,walth32,12.15,UWI,3.0,NE,60.0,2.0,awake,tea,other,yes,8,yes,1,0.0,1.0,2,do_not_mind,6.0,Microsoft,19,5.0,4.0,17.0,100,3.0,30.0,8.0,No,150.0,Spring,Other,173.0,5,7
217,2024,7,uhlen6,12.15,UWI,46.0,N,43.0,7.0,tired,Coffee,coffee,yes,7,yes,1,0.0,3.0,3,No,6.0,Both,23,7.0,5.0,14.0,160,3.0,100.0,6.0,yes,150.0,Summer,black,187.0,10,8
218,2024,7,snyma10,12.15,GESS,0.5,SW,13000.0,4.0,awake,Juice,other,yes,8,yes,2,0.0,3.0,3,Yes,5.8,Microsoft,19,5.0,8.0,17.0,16,1.0,83.0,10.0,yes,210.0,Spring,Other,167.0,3,7
219,2024,8,knapp56,12.15,UWI,500.0,W,337.0,4.0,awake,water,water,no,9,no,0,2.0,4.0,4,Yes,5.0,Microsoft,17,8.0,13.0,15.0,135,4.0,19.0,18.0,yes,120.0,Summer,Other,160.0,10,9
220,2024,7,libau22,12.15,UWI,3.0,N,240.0,15.0,tired,water,water,yes,8,yes,2,0.0,3.0,3,Yes,6.5,Microsoft,21.5,6.0,5.0,14.0,150,5.0,10.0,23.0,yes,140.0,Summer,milk,168.0,8,7
221,2024,8,carlv,12.15,UWI,3.0,N,250.0,3.0,awake,coffee,coffee,no,7,yes,3,0.0,2.0,2,No,7.0,Both,23,5.0,7.0,15.5,130,4.0,82.0,12.0,yes,200.0,Fall,milk,189.0,7,9
222,2024,6,westf301,12.15,GESS,0.55,SE,470.0,5.0,awake,tea,other,yes,8,yes,2,1.0,3.0,5,do_not_mind,5.5,Microsoft,25,5.0,5.0,14.7,49,1.0,37.0,17.0,yes,140.0,Summer,milk,170.0,7,7
223,2024,3,lerch41,12.15,UWI,3.4,N,90.0,7.0,tired,tea,other,yes,5,yes,2,6.0,2.0,3,Yes,6.0,Microsoft,20,3.0,5.0,15.5,110,3.0,45.0,6.0,yes,150.0,Spring,Other,169.0,7,3
224,2024,3,dekan3b,12.15,UWI,0.5,NE,847.0,5.0,awake,tea,other,yes,9,yes,2,0.0,2.0,2,Yes,6.0,Microsoft,19,5.0,4.0,16.0,187,5.0,51.0,8.0,No,200.0,Spring,Other,167.0,9,4
225,2024,5,burge31,12.15,UWI,1.6,SE,420.0,1.0,tired,water,water,yes,8,yes,7,9.0,3.0,3,Yes,6.0,Microsoft,19,8.0,9.0,17.0,100,3.0,24.0,11.0,yes,100.0,Spring,Other,167.0,7,6
226,2024,5,brede21a,12.15,UWI,0.2,SW,24.0,2.0,awake,Water,water,yes,9,yes,1,0.0,3.0,2,Yes,5.5,Apple,19,6.0,8.0,14.0,100,2.0,40.0,13.0,No,150.0,Summer,sugar_milk,170.0,3,5
227,2024,5,lange2b,8.15,GESS,3.0,N,47.0,4.0,tired,Water,water,yes,7,yes,1,1.0,2.0,2,No,7.5,Apple,23,3.0,4.0,15.0,60,1.0,68.0,12.0,yes,300.0,Spring,Other,200.0,3,6
228,2024,6,feldb57,12.15,GESS,1.5,N,370.0,3.0,awake,Coffee,coffee,yes,7,yes,1,5.0,4.0,6,No,6.5,Microsoft,19,7.0,12.0,18.0,250,8.0,50.0,13.0,No,250.0,Summer,milk,176.0,8,6
229,2024,7,amfuc4,12.15,UWI,2.4,NW,135.0,3.5,awake,tea,other,yes,8,yes,2,8.0,2.0,2,Yes,6.5,Microsoft,16,7.0,7.0,16.8,132,3.0,45.0,11.0,yes,250.0,Spring,milk,175.0,4,7
230,2024,7,inden19,12.15,UWI,1.0,W,471.0,4.0,tired,water,water,yes,8,yes,3,0.0,5.0,3,Yes,7.0,Microsoft,23,7.0,6.0,17.0,180,3.0,212.0,35.0,yes,180.0,Summer,Other,189.0,9,8
231,2024,8,fritz57,12.15,UWI,1.0,N,600.0,2.0,awake,Coffee,coffee,yes,8,yes,1,0.0,2.0,2,No,6.5,Microsoft,21,7.0,5.0,15.4,210,9.0,,19.0,yes,200.0,Summer,milk,180.0,3,7
232,2024,8,haupt25,12.15,UWI,1.5,N,700.0,4.0,energized,water,water,yes,8,yes,1,0.0,4.0,4,do_not_mind,6.0,Apple,20,8.0,13.0,15.0,17,4.0,60.0,15.0,yes,200.0,Spring,black,180.0,8,8
233,2024,3,aufde22,12.15,UWI,4.0,N,70.0,2.0,tired,water,water,yes,7,yes,2,0.0,4.0,4,Yes,6.0,Microsoft,19,4.0,5.0,16.0,18,3.0,40.0,10.0,yes,150.0,Summer,milk,167.0,3,3
234,2024,3,schwa68,12.15,UWI,2.0,SE,150.0,2.0,tired,Water,water,no,7,yes,1,3.0,3.0,3,No,5.5,Apple,16,2.0,6.0,14.0,30,0.0,104.0,11.0,yes,150.0,Summer,milk,178.0,3,3
235,2024,7,huswe1,12.15,UWI,5.0,SW,700.0,1.0,awake,Water,water,yes,10,yes,2,1.0,1.0,1,do_not_mind,6.0,Apple,19.1,4.0,13.0,12.0,50,1.0,40.0,12.0,yes,40.0,Spring,sugar_milk,175.0,7,7
236,2024,7,haupt10,12.15,UWI,2.5,N,425.0,1.0,awake,water,water,yes,8,yes,1,3.0,2.0,2,do_not_mind,6.0,Microsoft,18.4,6.0,4.0,16.0,110,4.0,60.0,9.0,yes,300.0,Spring,Other,161.0,5,7
237,2024,8,zumho5,12.15,UWI,2.0,N,9.0,4.0,awake,tea,other,yes,8,yes,1,2.0,4.0,4,Yes,6.0,Microsoft,17.8,8.0,15.0,14.8,300,1.0,125.0,10.0,yes,220.0,Spring,milk,170.0,6,8
238,2024,6,amilm20,12.15,UWI,0.6,N,90.0,2.0,awake,Water,water,yes,8,yes,2,0.0,3.0,3,do_not_mind,6.5,Microsoft,20,5.0,5.0,15.5,200,3.0,69.0,12.0,yes,200.0,Summer,milk,173.0,6,7
239,2024,7,schne20,12.15,UWI,0.4,NW,90.0,3.0,tired,coffee,coffee,yes,7,yes,1,0.0,2.0,2,No,6.0,Both,19,6.0,8.0,15.5,200,3.0,35.0,12.0,yes,200.0,Summer,milk,175.0,7,7
240,2024,6,roumi14,12.15,GESS,2.3,N,8900.0,6.0,awake,kombucha,other,yes,8,yes,1,0.0,3.0,3,Yes,6.0,Apple,19,6.0,5.0,11.93,32,3.0,37.0,11.0,yes,550.0,Spring,sugar_milk,188.0,5,6
241,2024,7,lotze24,12.15,GESS,2.4,N,500.0,6.0,drowsy,tea,other,yes,7,yes,1,2.0,4.0,4,Yes,7.0,Apple,22,8.0,7.0,14.9,11,3.0,81.0,17.0,yes,280.0,Winter,milk,182.0,3,7
242,2024,7,pfael10,12.15,UWI,3.0,S,373.0,6.0,energized,juice,other,yes,8,yes,1,,3.0,3,Yes,5.0,Neither,17,9.0,6.0,16.0,350,8.0,43.0,12.0,yes,180.0,Spring,milk,172.0,5,7
243,2024,3,birke17,12.15,UWI,2.0,N,152.0,4.0,drowsy,Coffee,coffee,yes,7,yes,1,,5.0,5,No,6.0,Apple,20.5,5.0,15.0,15.0,90,3.0,87.0,14.0,yes,150.0,Spring,milk,170.0,7,5
244,2024,7,ihlwe1,12.15,UWI,2.6,NW,74.9,3.0,awake,tea,other,yes,8,yes,1,3.0,3.0,4,No,5.0,Microsoft,17,5.0,4.0,16.5,61,5.0,21.0,14.0,No,180.0,Spring,black,167.0,3,7
245,2024,8,bahnh117,12.15,UWI,0.3,SW,100.0,9.0,awake,coffee,coffee,yes,7,yes,1,1.0,3.0,3,Yes,6.0,Apple,17,9.0,8.0,15.0,140,5.0,90.0,14.0,yes,180.0,Spring,milk,178.0,6,8
246,2024,4,ilmen3,12.15,UWI,2.8,N,134.0,4.0,drowsy,Cappuccino,coffee,yes,7,yes,1,1.0,5.0,5,do_not_mind,6.0,Apple,18,6.0,12.0,15.0,70,2.0,110.0,15.0,yes,200.0,Spring,milk,175.0,7,5
247,2024,6,pann56,12.15,GESS,2.2,SE,1085.0,4.0,awake,coffee,coffee,yes,8,yes,3,0.0,3.0,3,do_not_mind,5.5,Apple,20,7.0,8.0,13.76,80,2.0,78.0,21.0,yes,150.0,Summer,milk,170.0,2,8
248,2024,6,rvek2,12.15,UWI,2.0,SE,104.0,3.0,drowsy,tea,other,yes,7,yes,1,1.0,3.0,3,do_not_mind,6.5,Microsoft,18,5.0,6.0,15.4,60,1.0,62.0,14.0,yes,180.0,Summer,milk,200.0,5,5
249,2024,5,altep19,12.15,UWI,1.5,NE,394.0,2.0,tired,tea,other,yes,7,no,0,4.0,2.0,3,Yes,6.5,Both,17.5,5.0,12.0,16.0,120,4.0,50.0,7.0,No,300.0,Summer,sugar_milk,173.0,3,5
250,2024,9,wulfs,12.15,UWI,0.4,NW,133.0,7.0,awake,water,water,no,7,yes,2,4.0,3.0,5,No,7.0,Microsoft,16,8.0,10.0,15.0,66,2.0,45.0,13.0,yes,100.0,Summer,milk,168.0,8,6
251,2024,3,sauer54,12.15,UWI,2.1,SW,60.0,0.0,awake,water,water,no,7,yes,1,15.0,2.0,2,do_not_mind,6.0,Microsoft,20,4.0,25.0,17.0,115,1.0,80.0,2.0,No,150.0,Winter,sugar_milk,165.0,9,2
252,2024,5,todts11,12.15,UWI,2.0,N,60.0,2.0,tired,tea,other,yes,8,yes,1,2.0,2.0,2,No,6.0,Both,18.5,6.0,6.0,16.0,90,4.0,15.0,14.0,yes,200.0,Spring,sugar_milk,176.0,8,2
253,2024,6,amost17,12.15,GESS,0.6,NW,89.0,1.0,tired,water,water,yes,8,yes,1,0.0,2.0,1,Yes,6.0,Apple,20,6.0,10.0,13.0,20,0.0,31.0,18.0,yes,200.0,Summer,milk,165.0,8,7
254,2024,7,winze5,12.15,UWI,0.5,N,700.0,5.0,tired,water,water,yes,8,yes,1,4.0,2.0,3,do_not_mind,6.0,Microsoft,19,5.0,11.0,17.0,120,4.0,90.0,8.0,yes,250.0,Summer,Other,170.0,7,8
255,2024,7,aalbo2,12.15,GESS,0.5,SW,40.0,3.0,awake,tea,other,yes,8,yes,1,0.0,3.0,4,Yes,5.5,Microsoft,17.5,4.0,7.0,17.5,170,5.0,70.0,8.0,yes,160.0,Summer,Other,168.0,6,6
256,2024,4,kurf16,12.15,UWI,0.0,W,570.0,2.0,awake,coffee,coffee,yes,7,no,0,0.0,3.0,4,do_not_mind,6.0,Microsoft,18,6.0,10.0,15.0,140,5.0,75.0,10.0,yes,300.0,Summer,milk,158.0,5,4
257,2024,6,moord1,12.15,UWI,2.0,N,61.0,5.0,awake,Chocolate,other,yes,7,yes,1,3.0,3.0,3,do_not_mind,6.0,Microsoft,14,4.0,5.0,14.5,90,4.0,54.0,6.0,yes,150.0,Summer,milk,170.0,7,6
258,2024,9,hinte20,12.15,UWI,100.0,NE,100.0,3.0,awake,Chocolate,other,no,6,yes,2,2.0,4.0,2,No,7.0,Apple,15,9.0,5.0,15.5,140,3.0,176.0,13.0,yes,70.0,Summer,milk,194.0,7,9
259,2024,8,oeste13,12.15,UWI,3.5,NW,256.0,7.0,drowsy,black_tea,black_tea,yes,7,yes,1,9.0,4.0,4,Yes,6.4,Apple,18,4.0,8.0,15.7,90,3.0,168.0,8.0,yes,300.0,Spring,black,178.0,6,7
260,2024,7,kiebi12,12.15,UWI,2.0,S,63.0,2.0,awake,tea,other,yes,7,yes,1,0.0,3.0,4,do_not_mind,6.0,Microsoft,16,4.0,8.0,14.0,130,2.0,30.0,7.0,yes,50.0,Spring,sugar_milk,164.0,6,5
261,2024,6,lneb34,12.15,UWI,1.5,N,150.0,4.0,tired,black_tea,black_tea,yes,8,yes,2,4.0,3.0,3,No,6.0,Microsoft,18.5,6.0,8.0,15.0,80,4.0,40.0,15.0,No,150.0,Summer,sugar_milk,169.0,3,6
262,2024,8,wohwi53,12.15,GESS,58.0,N,8338.0,2.0,awake,Juice,other,no,7,yes,3,3.0,5.0,5,Yes,5.0,Apple,16,8.0,12.0,15.0,85,2.0,50.0,12.0,yes,250.0,Summer,sugar_milk,170.0,7,6
263,2024,7,grli,12.15,UWI,1.5,SE,372.0,1.0,awake,tea,other,yes,8,yes,1,0.0,2.0,2,No,6.0,Microsoft,7,5.0,7.0,7.0,100,4.0,80.0,20.0,yes,250.0,Spring,Other,170.0,6,7
264,2024,7,emila35,12.15,UWI,0.75,W,50.0,3.0,awake,water,water,yes,8,yes,2,2.0,1.0,1,do_not_mind,6.0,Microsoft,20.5,5.0,8.0,15.0,17,6.0,145.0,7.0,yes,120.0,Winter,Other,173.0,5,7
265,2024,8,rohrb15,12.15,UWI,0.5,N,86.0,4.0,tired,Water,water,yes,8,yes,3,16.0,2.0,2,Yes,5.0,Both,17,6.0,3.0,16.0,220,8.0,15.0,16.0,yes,200.0,Summer,sugar_milk,169.0,10,8
266,2024,7,anden1a,12.15,UWI,0.75,W,90.0,3.0,awake,Chocolate,other,yes,7,yes,1,0.0,1.0,2,do_not_mind,5.5,Microsoft,18.5,6.0,10.0,12.0,17,6.0,160.0,12.0,yes,160.0,Summer,Other,168.0,8,7
267,2024,9,amplu11,12.15,GESS,0.0,SW,290.0,4.0,energized,black_tea,black_tea,yes,8,yes,1,2.0,5.0,5,Yes,6.0,Neither,16,9.0,20.0,15.0,17,5.0,103.0,17.0,yes,170.0,Fall,milk,178.0,8,10
268,2024,7,lange31a,12.15,UWI,16.0,W,15.0,3.0,tired,coffee,coffee,no,8,yes,2,3.0,4.0,4,do_not_mind,5.9,Apple,18,7.0,8.0,13.5,75,1.0,,16.0,yes,200.0,Spring,milk,162.0,7,7
269,2024,8,tanne10,12.15,UWI,1.0,S,714.0,5.0,energized,tea,other,yes,8,yes,1,0.0,2.0,2,No,6.0,Apple,18,6.0,6.0,15.0,35,5.0,115.0,10.0,yes,150.0,Spring,sugar_milk,174.0,8,9
270,2024,6,gunde6a,12.15,UWI,0.65,N,573.0,4.0,tired,coffee,coffee,yes,7,yes,2,0.0,2.0,3,Yes,6.0,Microsoft,18,4.0,9.0,10.0,120,4.0,50.0,15.0,No,150.0,Spring,milk,174.0,4,4
271,2024,3,engl59,12.15,UWI,1.0,N,482.0,1.0,awake,coffee,coffee,yes,8,yes,2,3.0,3.0,3,Yes,7.0,Microsoft,18,6.0,9.0,14.0,,4.0,32.0,12.0,yes,300.0,Summer,milk,174.0,7,4
272,2024,3,rntg2,12.15,UWI,2.3,N,347.0,5.0,drowsy,tea,other,yes,7,yes,1,0.0,2.0,2,Yes,5.0,Apple,16,6.0,10.0,15.0,100,2.0,66.0,21.0,yes,100.0,Summer,milk,163.0,6,5
273,2024,6,tilsit4,12.15,UWI,0.2,NE,335.0,2.0,tired,tea,other,yes,7,no,0,0.0,1.0,1,Yes,6.0,Apple,17.5,6.0,15.0,15.0,90,2.0,25.0,10.0,yes,250.0,Spring,milk,163.0,6,6
274,2024,3,r25a,12.15,UWI,1087.4,S,279.4,0.0,drowsy,green_tea,other,yes,7,no,0,6.0,0.0,2,Yes,5.0,Microsoft,20,3.0,3.0,15.4,,5.0,81.0,7.0,yes,270.0,Spring,milk,177.0,9,5
275,2024,5,humme123,12.15,UWI,0.0,NW,392.0,5.0,drowsy,tea,other,no,7,yes,0,3.0,3.0,3,do_not_mind,6.5,Neither,23.5,7.0,5.0,15.4,55,2.0,116.0,10.0,yes,200.0,Summer,sugar_milk,196.0,7,7
276,2024,8,porta34,12.15,UWI,3.7,NW,200.0,6.0,awake,Milk,other,yes,7,yes,1,0.0,1.0,1,do_not_mind,6.5,Microsoft,19,9.0,10.0,17.0,23,0.0,200.0,2.0,yes,200.0,Winter,Other,183.0,9,9
277,2024,8,habic27,12.15,UWI,0.7,SW,140.0,1.0,awake,Matcha,other,yes,7,yes,1,0.0,2.0,1,Yes,5.0,Both,18,7.0,8.0,15.5,70,4.0,50.0,11.0,yes,130.0,Spring,milk,175.0,10,8
278,2024,7,karlm6,12.15,UWI,0.5,SW,736.0,4.0,awake,tea,other,yes,9,yes,1,3.0,3.0,3,Yes,6.0,Both,20,7.0,5.0,12.0,67,2.0,50.0,16.0,yes,70.0,Fall,milk,177.0,7,7
279,2024,7,bluec4,12.15,UWI,16.0,NE,480.0,2.0,awake,tea,other,yes,8,yes,1,0.0,2.0,3,Yes,6.0,Apple,22,6.0,10.0,15.0,60,1.0,70.0,25.0,yes,200.0,Summer,sugar_milk,182.0,7,6
280,2024,5,humbo21,12.15,UWI,0.6,W,314.0,7.0,drowsy,Cappuccino,coffee,yes,8,yes,1,7.0,2.0,2,do_not_mind,5.0,Apple,15,5.0,11.0,15.7,140,5.0,80.0,17.0,yes,350.0,Spring,milk,156.0,6,5
281,2024,5,etten34,12.15,UWI,2.2,NW,193.0,3.0,drowsy,water,water,yes,7,yes,4,13.0,4.0,4,No,5.0,Microsoft,19,5.0,4.0,16.5,350,8.0,97.0,8.0,yes,150.0,Summer,Other,161.0,7,4
282,2024,8,mhle3,12.15,UWI,1.2,NE,90.0,3.0,tired,black_tea,black_tea,yes,7,yes,3,4.0,1.0,1,do_not_mind,5.0,Apple,16,4.0,7.0,9.0,212,8.0,8.0,8.0,yes,200.0,Spring,milk,173.0,4,4
283,2024,4,fache128,12.15,UWI,38.0,NW,54.0,1.0,tired,tea,other,yes,9,yes,3,6.0,2.0,2,do_not_mind,5.0,Both,18,5.0,6.0,16.0,400,2.0,45.0,8.0,yes,200.0,Summer,milk,168.0,1,6
284,2024,6,pferd19,12.15,UWI,51.0,NW,20.0,2.0,tired,tea,other,yes,8,no,0,4.0,2.0,2,do_not_mind,6.0,Microsoft,15,5.0,7.0,16.0,49,0.0,31.0,2.0,yes,200.0,Spring,Other,173.0,3,6
285,2024,7,thing19,12.15,UWI,55.0,SW,45.0,3.0,energized,Coffee,coffee,yes,7,yes,2,0.0,1.0,1,do_not_mind,6.0,Microsoft,16,7.0,9.0,14.0,25,4.0,27.0,4.0,yes,40.0,Spring,milk,163.0,1,7
286,2024,7,indus41,12.15,UWI,0.4,SE,351.0,2.0,awake,coffee,coffee,yes,7,yes,1,0.0,4.0,4,do_not_mind,6.0,Microsoft,18,7.0,6.0,15.4,62,2.0,60.0,9.0,yes,250.0,Spring,milk,173.0,6,7
