"","num","tutorial_batch","happy1","ID","time","major","travel","direction","born","sports","aware","morning_drink","morning_drink2","breakfast","sleep","siblings","siblings_number","pets","beer","coffee","Pineapple_Pizza","Pinky","OS","hand","energy","shoes","phone","Apartment_Size","rooms","apps","countries","CB","Food_Money","season","Drink_Coffee","height","bother","happy2"
"1",1,2023,8,"edelz21",8.15,"GESS",4,"NW",300,10,"energized","tea","other","yes",7,"yes",3,15,4,3,"Yes",4,"Apple","16",9,4,11,"40",3,6,15,"yes",170,"Fall","Other",173,6,8
"4",4,2023,6,"grne40",8.15,"GESS",2.5,"SW",65,2,"awake","water","water","yes",7,"yes",1,0,2,2,"do_not_mind",6.3,"Both","16.5",6,10,15,"100",2,30,15,"yes",150,"Summer","milk",174,3,6
"5",5,2023,8,"bergs89",8.15,"GESS",2.5,"N",150,3.5,"awake","tea","other","yes",8,"yes",2,2,5,5,"do_not_mind",6,"Microsoft","19.5",8,7,17.5,"90",4,196,13,"yes",180,"Fall","milk",175,9,8
"6",6,2023,5,"alton3809",8.15,"GESS",2,"SE",891,5,"awake","none","other","yes",7,"yes",3,1,7,7,"No",5,"Both","15",6,15,9,"75",1,17,20,"yes",120,"Summer","milk",173,9,5
"8",8,2023,7,"amkre9",8.15,"GESS",3,"NW",742,1,"awake","tea","other","yes",6,"yes",1,3,2,2,"do_not_mind",6,"Microsoft","17",7,7,16,"90",2,144,11,"yes",60,"Summer","sugar_milk",165,7,7
"9",9,2023,5,"billg15",8.15,"GESS",72,"NW",50,12,"drowsy","tea","other","yes",8,"no",0,2,3,4,"do_not_mind",5,"Apple","17",5,8,13.7,"35",2,97,8,"yes",110,"Fall","milk",166,2,5
"10",10,2023,4,"schul26",8.15,"GESS",2,"NW",400,0,"awake","coffee","coffee","no",6,"yes",1,0,2,2,"do_not_mind",6.5,"Microsoft","18",7,6,18,"80",1,10,12,"No",250,"Summer","black",183,1,4
"11",11,2023,8,"garte2",8.15,"GESS",3,"NW",282,11,"awake","Latte_Machhiato","coffee","yes",8,"yes",3,2,3,2,"do_not_mind",4,"Microsoft","20",9,7,15.6,"110",6,100,9,"yes",200,"Summer","sugar_milk",185,6,8
"12",12,2023,6,"rhein34",8.15,"GESS",2,"S",639,2,"awake","water","water","yes",7,"no",0,3,4,4,"No",6.8,"Both","17.5",9,3,15.4,"30",0,55,5,"yes",160,"Spring","Other",175,6,6
"13",13,2023,9,"feuer40",8.15,"GESS",1.5,"N",370,3,"energized","Ginger_shot","other","yes",10,"yes",3,1,4,4,"do_not_mind",7,"Both","24",10,8,18,"60",1,70,17,"yes",300,"Fall","Other",170,7,9
"14",14,2023,9,"holst58",8.15,"GESS",0.5,"W",600,4,"awake","Water","water","yes",8,"yes",1,1,1,2,"do_not_mind",8,"Apple","21",9,6,19,"110",5,103,14,"yes",115,"Summer","milk",175,2,9
"15",15,2023,7,"rueem9",8.15,"GESS",2.3,"S",818,1,"tired","tea","other","yes",7,"yes",1,4,6,2,"do_not_mind",5.5,"Microsoft","15.5",7,5,14.5,"120",3,130,19,"yes",80,"Spring","Other",169,8,7
"16",16,2023,5,"fuent2",8.15,"GESS",3,"NW",8600.7,10,"tired","Coffee","coffee","no",6,"yes",4,5,4,4,"No",5.5,"Microsoft","20",4,10,11,"77.0",3,93,3,"yes",300,"Spring","sugar_milk",167,4,6
"17",17,2023,7,"ortho8",8.15,"GESS",3,"N",123,3,"awake","coffee","coffee","yes",8,"no",0,3,2,2,"do_not_mind",5,"Microsoft","15",7,7,12,"100",5,60,16,"yes",150,"Spring","milk",168,6,7
"18",18,2023,6,"garte27",8.15,"GESS",3.1,"NW",461,3.5,"drowsy","coffee","coffee","yes",8,"yes",1,5,3,3,"No",5,"Microsoft","14",8,6,12,"15",1,15,6,"No",100,"Spring","milk",164,7,7
"19",19,2023,8,"haupt29",8.15,"GESS",1.7,"N",350,1,"awake","coffee","coffee","yes",8,"yes",6,2,1,1,"do_not_mind",7,"Microsoft","22",8,4,15,"89",3,60,10,"yes",200,"Summer","black",190,6,8
"20",20,2023,3,"giova8",8.15,"GESS",1.4,"N",1373.7,2,"awake","tea","other","yes",7,"yes",1,3,4,4,"No",6,"Apple","14",6,3,12,"60",4,20,3,"No",80,"Spring","milk",160,7,4
"21",21,2023,6,"tanne20",8.15,"GESS",2.5,"NE",437,5,"tired","Flat_White","coffee","yes",7,"yes",1,6,1,2,"do_not_mind",6.4,"Microsoft","21.3",6,7,16.5,"90.0",4,162,8,"yes",200,"Spring","black",179,7,7
"22",22,2023,8,"lessi",8.15,"GESS",2,"S",300,3,"awake","tea","other","no",8,"yes",3,0,3,5,"Yes",5,"Microsoft","8",6,4,8,"8",5,30,10,"yes",200,"Spring","black",172,10,10
"23",23,2023,8,"amfis74",8.15,"GESS",0.8,"W",57,0,"drowsy","black_tea","black_tea","yes",8,"yes",1,0,1,1,"do_not_mind",6,"Microsoft","18",7,8,16,"50",1,8,8,"No",80,"Summer","milk",178,2,8
"24",24,2023,7,"schal107",8.15,"GESS",2,"S",250,1,"drowsy","coffee","coffee","yes",6,"yes",1,3,4,5,"do_not_mind",9,"Microsoft","18",10,3,21,"90",4,45,18,"yes",200,"Summer","milk",180,5,6
"26",26,2023,6,"luise3",8.15,"GESS",2,"N",150,1,"drowsy","Coffee","coffee","no",6,"no",0,0,1,2,"do_not_mind",6,"Microsoft","19",8,3,16,"100",5,28,9,"yes",300,"Summer","sugar_milk",186,3,2
"27",27,2023,9,"matte76c",12.15,"UWI",3,"SE",400,4,"awake","water","water","yes",9,"yes",1,1,2,2,"No",7,"Microsoft","19",8,6,11,"99",4,20,12,"yes",125,"Spring","Other",171,8,5
"28",28,2023,8,"wilhe9",12.15,"UWI",300,"NE",350,5,"awake","coffee","coffee","yes",8,"yes",2,5,3,3,"do_not_mind",6,"Apple","15",7,3,10,"20",5,42,15,"yes",350,"Spring","black",190,3,8
"30",30,2023,7,"yorck",12.15,"UWI",0.5,"NW",0,1,"awake","smoothie","other","yes",7,"yes",4,10,2,2,"Yes",5.5,"Apple","17",5,10,14,"72",3,35,5,"No",400,"Spring","Other",171,9,6
"31",31,2023,8,"mittw14",12.15,"UWI",3,"NW",234,3,"awake","juice","other","yes",8,"yes",4,2,3,2,"do_not_mind",5.5,"Microsoft","18",6,4,10,"44",1,13,4,"yes",200,"Summer","milk",180,9,8
"32",32,2023,4,"garte20",12.15,"UWI",2.5,"W",620,7,"drowsy","Water","water","yes",5,"yes",2,3,4,4,"do_not_mind",8,"Both","25",3,4,14,"15",3,47,10,"yes",200,"Spring","black",190,2,4
"33",33,2023,9,"josep12",12.15,"UWI",1.2,"N",384,4,"energized","water","water","yes",8,"yes",1,0,2,2,"Yes",5.5,"Microsoft","18",7,6,16,"90",4,55,4,"yes",240,"Summer","milk",174,3,8
"34",34,2023,4,"wolds7",12.15,"UWI",0.5,"N",60,3,"tired","water","water","yes",7,"yes",2,3,3,2,"No",5,"Apple","18",6,8,15,"65",2,30,15,"yes",200,"Spring","sugar",176,6,6
"36",36,2023,6,"luise",12.15,"UWI",2,"S",600,0.5,"tired","coffee","coffee","yes",6,"yes",2,4,1,2,"do_not_mind",6,"Both","14",6,5,15,"40",4,10,5,"No",150,"Spring","milk",174,6,4
"37",37,2023,7,"laven43",12.15,"GESS",3,"N",148,3,"awake","Coffee","coffee","no",8,"yes",1,1,2,2,"Yes",5,"Microsoft","18",9,25,12,"120",2,73,21,"yes",200,"Summer","sugar_milk",163,6,9
"38",38,2023,4,"steff27",12.15,"UWI",3,"N",300,4,"tired","coffee","coffee","no",8,"yes",1,2,2,2,"Yes",5,"Microsoft","20",1,7,19,"100.0",3,23,13,"No",250,"Spring","black",180,6,2
"39",39,2023,5,"arist74",12.15,"UWI",2.2,"S",2300,2,"drowsy","tea","other","yes",7,"yes",1,12,3,3,"Yes",4.5,"Microsoft","20",7,10,12,"80.0",3,40,8,"yes",100,"Fall","Other",167,5,7
"40",40,2023,9,"bren8",12.15,"UWI",300,"NE",81,5,"awake","Water","water","yes",7,"no",0,0,3,3,"Yes",5.4,"Microsoft","9",8,2,15,"20",1,50,14,"yes",150,"Summer","Other",180,5,8
"41",41,2023,5,"rhrh12",12.15,"UWI",3,"N",225,6.5,"drowsy","coffee","coffee","yes",9,"yes",2,3,4,5,"do_not_mind",5.5,"Microsoft","19.5",7,6,16,"110",4,14,9,"yes",218,"Summer","milk",168.5,9,6
"42",42,2023,9,"possa6",12.15,"UWI",500,"N",574.11,5,"awake","tea","other","yes",8,"no",0,1,6,6,"do_not_mind",5.5,"Microsoft","20",2,12,17,"90",4,15,10,"No",100,"Summer","sugar_milk",172,8,7
"43",43,2023,5,"agiatriada",12.15,"GESS",45,"N",2396,0,"tired","coffee","coffee","yes",6,"yes",1,1,4,4,"No",2.3,"Both","4",6,10,12,"33.3",0,25,3,"yes",300,"Summer","milk",160,1,7
"44",44,2023,7,"abels7",12.15,"GESS",2,"N",56,4,"awake","Water","water","yes",6,"yes",4,7,2,4,"Yes",3.5,"Apple","10",8,3,12,"83",2,113,21,"yes",250,"Spring","black",168,10,9
"45",45,2023,7,"inder2",12.15,"UWI",3.7,"NW",475,3,"energized","tea","other","no",9,"yes",3,3,3,3,"Yes",6.2,"Both","21.3",7,11,16,"130",5,16,9,"yes",190,"Spring","milk",179,3,7
"46",46,2023,7,"knig",12.15,"UWI",1,"W",60,3,"awake","tea","other","yes",7,"yes",1,4,3,3,"No",7,"Microsoft","18",8,10,12,"75",5,10,10,"yes",40,"Spring","milk",179,9,10
"47",47,2023,9,"schwa137",12.15,"UWI",1,"E",300,2,"awake","Coffee","coffee","yes",8,"yes",1,6,3,3,"do_not_mind",6,"Apple","17",8,6,13,"120",3,20,14,"yes",400,"Summer","milk",180,2,8
"48",48,2023,6,"gneise59",12.15,"GESS",2,"W",300,4,"drowsy","coffee","coffee","yes",7,"yes",2,0,3,4,"Yes",6,"Microsoft","21",5,3,16.5,"13",2,98,20,"yes",200,"Summer","milk",180,3,7
"50",50,2023,6,"tycho12",12.15,"UWI",4,"N",56,2,"drowsy","tea","other","yes",7,"yes",2,1,2,2,"Yes",5,"Microsoft","13",5,5,17,"100",5,29,9,"yes",200,"Spring","Other",175,5,5
"51",51,2023,7,"raben2",12.15,"UWI",0,"SW",381,8,"tired","water","water","yes",9,"yes",1,2,1,2,"do_not_mind",6,"Apple","15",3,15,12,"18",5,31,12,"yes",200,"Summer","milk",172,4,7
"53",53,2023,8,"fhre8",12.15,"UWI",2.5,"NW",203,4,"drowsy","Juice","other","no",9,"yes",1,3,3,3,"Yes",4,"Apple","17",6,7,17,"58",1,43,5,"yes",150,"Summer","Other",172,6,6
"54",54,2023,7,"vonbo40",12.15,"GESS",3,"NW",245,1,"awake","juice","other","yes",8,"yes",2,1,1,1,"do_not_mind",7,"Microsoft","22.5",7,6,14,"210",8,87,16,"yes",150,"Spring","Other",193,3,8
"56",56,2023,7,"linde6a",12.15,"GESS",1.2,"NE",135,5,"awake","Coffee","coffee","yes",8,"yes",1,1,4,4,"No",6,"Apple","18",8,15,11.9,"80",2,24,15,"yes",150,"Spring","milk",170,4,7
"57",57,2023,7,"steen17",12.15,"GESS",0.5,"N",60,0,"awake","tea","other","no",6,"yes",2,3,3,4,"do_not_mind",4,"Microsoft","13",7,7,12,"120",5,40,23,"yes",120,"Summer","milk",162,1,8
"58",58,2023,5,"ruege6",12.15,"UWI",2,"NE",146,2,"drowsy","coffee","coffee","yes",8,"no",0,2,2,2,"do_not_mind",7,"Apple","18",5,6,12,"70",3,40,15,"No",200,"Spring","milk",170,5,4
"60",60,2023,6,"grund3",12.15,"UWI",2,"N",316,3,"awake","juice","other","yes",6,"yes",2,6,1,1,"do_not_mind",6.5,"Microsoft","19",7,4,15,"135",4,35,12,"yes",180,"Spring","milk",175,8,6
"61",61,2023,9,"carls36",12.15,"UWI",12,"W",400,7,"energized","tea","other","yes",8,"yes",3,2,4,4,"No",9.5,"Microsoft","17",8,14,17,"23.0",6,10,7,"yes",150,"Summer","Other",174,9,9
"62",62,2023,5,"rotek",12.15,"GESS",3,"NE",112,6,"awake","coffee","coffee","yes",6,"yes",2,40,2,2,"do_not_mind",5.5,"Microsoft","16.5",5,13,17,"30",0,20,5,"yes",150,"Summer","milk",170,5,5
"63",63,2023,6,"weidm50",12.15,"UWI",5,"NE",574.11,10,"drowsy","coffee","coffee","yes",10,"yes",1,6,3,4,"No",4.5,"Microsoft","18",6,25,12,"90",4,82,13,"yes",200,"Summer","milk",158,1,5
"64",64,2023,8,"raube7",12.15,"GESS",2,"SW",483,2,"awake","Coffee","coffee","yes",6,"yes",1,3,4,5,"do_not_mind",5.5,"Apple","16",9,8,13.5,"60",2,60,6,"yes",175,"Spring","milk",165,2,7
"67",67,2023,5,"thoma13",12.15,"GESS",0.5,"NW",152,1,"tired","Mate","other","no",7,"yes",1,3,1,1,"do_not_mind",5.5,"Apple","19",5,7,15,"160",6,24,15,"yes",130,"Summer","Other",155,4,5
"68",68,2023,5,"chatt4",12.15,"UWI",1,"E",448,7,"tired","juice","other","yes",7,"yes",1,3,2,3,"do_not_mind",6.5,"Apple","16",5,4,16.4,"100",3,67,9,"yes",150,"Spring","milk",178,5,5
"69",69,2023,8,"dortm13",12.15,"GESS",1,"SW",415,8,"awake","Coffee","coffee","yes",8,"yes",1,2,3,3,"do_not_mind",6.5,"Apple","17",9,11,14,"100",2,10,25,"yes",150,"Spring","milk",168,6,8
"70",70,2023,6,"walds15",12.15,"UWI",1,"N",440,2,"tired","Water","water","yes",9,"yes",2,1,3,3,"Yes",5,"Microsoft","17",5,10,15,"60",1,43,6,"yes",160,"Spring","Other",165,6,5
"71",71,2023,5,"obere4",12.15,"UWI",2.9,"SE",850,2,"awake","tea","other","yes",7,"yes",2,0,2,3,"do_not_mind",4,"Microsoft","13",7,2,11,"30",2,30,10,"yes",300,"Spring","milk",160,2,7
"72",72,2023,6,"ricke16",12.15,"GESS",2,"NW",790,2,"energized","tea","other","yes",8,"yes",1,17,4,10,"No",6,"Microsoft","21",10,10,17,"8.0",4,22,7,"yes",190,"Summer","milk",200,7,7
"74",74,2023,6,"fritz14",12.15,"GESS",1.5,"NW",500,2,"awake","coffee","coffee","yes",9,"yes",1,4,2,2,"No",6,"Microsoft","19",7,1014,14,"20.0",5,50,12,"yes",250,"Spring","milk",171,6,8
"75",75,2023,9,"eitin120",12.15,"GESS",0.5,"W",320,3.5,"energized","tea","other","yes",7,"yes",1,2,1,1,"No",6,"Apple","20",10,10,14,"150",5,19,13,"yes",150,"Summer","milk",171,5,9
"76",76,2023,5,"avalo301",12.15,"GESS",2.2,"N",473.2,0,"drowsy","Coffee","coffee","no",6,"yes",1,1,3,3,"do_not_mind",6,"Apple","13",5,7,16.9,"87.4",3,166,22,"yes",200,"Summer","sugar_milk",173,6,5
"77",77,2023,8,"nicol15",12.15,"GESS",1,"NE",1800,5,"awake","coffee","coffee","yes",8,"yes",1,1,4,4,"do_not_mind",4.6,"Microsoft","17.5",7,12,16.5,"75",4,34,16,"yes",150,"Spring","black",158,7,8
"78",78,2023,4,"garte6",12.15,"UWI",2.4,"NW",500,3,"drowsy","coffee","coffee","yes",6,"yes",1,5,6,6,"do_not_mind",4,"Apple","13",1,9,15,"100",3,30,10,"yes",300,"Fall","milk",163,4,4
"79",79,2023,8,"sprin6",12.15,"GESS",0.5,"NE",6510,4,"energized","tea","other","yes",8,"yes",1,2,5,5,"Yes",6,"Microsoft","19.5",9,6,15,"114.0",5,29,8,"yes",150,"Summer","milk",163,3,8
"80",80,2023,8,"amred",12.15,"UWI",2.4,"NW",214,1.5,"awake","Coffee","coffee","yes",7,"yes",2,5,3,3,"No",3.5,"Apple","18",7,4,15.4,"96.0",4,10,5,"yes",80,"Summer","milk",170,10,8
"81",81,2023,7,"etzes9",12.15,"GESS",0.4,"SE",65,0,"tired","Water","water","yes",9,"yes",1,1,1,1,"do_not_mind",6,"Microsoft","20",7,6,15.5,"180",4,100,9,"No",190,"Summer","Other",175,7,8
"82",82,2023,8,"berlin43",12.15,"GESS",55,"N",166,1,"tired","Tea","other","yes",7,"no",0,1,1,2,"No",6.5,"Microsoft","14",5,10,15,"36",0,30,8,"yes",200,"Summer","Other",168,4,4
"83",83,2023,7,"curri23",12.15,"UWI",2.5,"SW",7354,4,"awake","Chai","other","yes",7,"yes",4,0,3,3,"No",4,"Microsoft","8",6,6,10.37,"125.0",3,27,7,"yes",125,"Spring","sugar_milk",157,7,8
"84",84,2023,8,"rainw5",12.15,"UWI",0.5,"SW",340,2,"awake","Iced_Coffee","coffee","yes",8,"yes",1,2,2,2,"do_not_mind",6.5,"Microsoft","18",5,8,15,"33.0",5,47,12,"yes",140,"Spring","milk",165,4,8
"85",85,2023,7,"witte12e",12.15,"GESS",2.4,"W",572,2,"awake","Kurkuma_latte","other","yes",8,"yes",1,0,3,3,"No",7,"Microsoft","19",9,8,16,"115",5,128,15,"yes",220,"Summer","milk",169.5,6,8
"86",86,2023,7,"poeth59",12.15,"GESS",1,"S",420,1,"tired","tea","other","yes",6,"yes",2,1,1,2,"do_not_mind",6.4,"Microsoft","20",5,15,15.5,"90",4,40,15,"yes",150,"Spring","black",176,8,6
"87",87,2023,6,"ostwi23",12.15,"UWI",0.5,"SW",250,4,"awake","tea","other","yes",8,"yes",2,6,6,8,"Yes",6,"Microsoft","23",8,10,16,"90",3,38,12,"yes",120,"Spring","sugar_milk",172,8,8
"88",88,2023,7,"alted39",12.15,"UWI",2.3,"NW",361,1,"tired","Coffee","coffee","no",6,"yes",1,4,2,2,"Yes",6,"Apple","19",5,5,15.5,"3220",2,20,10,"yes",250,"Summer","milk",167,5,6
"89",89,2023,8,"kiele44",12.15,"UWI",1,"N",150,2,"awake","Coffee","coffee","yes",7,"yes",1,10,3,5,"do_not_mind",6,"Apple","20",6,8,14.5,"120",3,64,14,"yes",30,"Spring","milk",166,3,8
"90",90,2023,7,"knig18",12.15,"UWI",2.2,"NE",677,3,"awake","tea","other","yes",9,"yes",1,4,1,1,"do_not_mind",6,"Microsoft","10",8,6,15.4,"60",3,42,6,"yes",130,"Fall","Other",171,7,8
"91",91,2023,7,"lortz2a",12.15,"UWI",2.2,"N",160,1,"awake","Coffee","coffee","yes",8,"no",0,0,1,2,"Yes",6,"Microsoft","17",7,19,15,"13",4,46,9,"No",80,"Summer","milk",162,7,7
"92",92,2023,9,"lilie6",12.15,"UWI",1,"S",796,5,"awake","Coffee","coffee","no",7,"no",0,2,3,5,"No",3,"Apple","15",7,6,12,"160.0",6,48,20,"yes",350,"Spring","milk",169,1,8
"93",93,2023,6,"silos302",12.15,"UWI",60,"N",9464,3,"tired","matcha","other","yes",8,"yes",3,5,5,5,"do_not_mind",5,"Apple","13",5,8,15,"52",1,60,20,"yes",250,"Summer","milk",163,5,6
"94",94,2023,7,"steil111",12.15,"UWI",0.8,"W",65,2,"tired","coffee","coffee","yes",8,"yes",1,1,3,3,"No",7,"Apple","16",5,20,14,"120",5,54,20,"yes",160,"Summer","milk",186,6,7
"95",95,2023,7,"tiele1",12.15,"UWI",3,"S",90,2,"tired","Coffee","coffee","no",7,"yes",1,1,2,2,"Yes",7,"Microsoft","17",8,15,12,"30",2,20,8,"yes",250,"Spring","milk",168,3,5
"96",96,2023,7,"meise4",12.15,"UWI",0.2,"E",360,0.5,"awake","tea","other","yes",8,"no",0,1,3,2,"do_not_mind",5,"Microsoft","20",7,6,15,"95",2,21,12,"yes",230,"Fall","milk",167,7,8
"97",97,2023,7,"augus85",12.15,"GESS",3,"S",240,2,"awake","water","water","no",7,"yes",2,2,2,2,"Yes",6,"Microsoft","21",7,3,18,"90",4,25,10,"yes",140,"Summer","sugar_milk",172,4,7
"98",98,2023,6,"masch4b",12.15,"UWI",0.4,"NW",40,1.5,"tired","tea","other","yes",7,"yes",1,6,4,2,"Yes",5,"Microsoft","18",5,6,17,"60",1,59,14,"yes",200,"Winter","milk",178,9,7
"99",99,2023,8,"nordm28",12.15,"UWI",1.4,"N",70,5,"energized","Juice","other","yes",9,"no",0,1,4,4,"No",6,"Microsoft","20.5",9,10,17,"90",3,43,23,"yes",250,"Summer","milk",167,6,8
"101",101,2023,8,"wiede14a",12.15,"UWI",0.8,"W",71,3,"awake","water","water","yes",8,"yes",2,2,3,3,"do_not_mind",5.5,"Apple","13",7,6,14,"120",5,78,18,"yes",150,"Fall","milk",177,7,8
"102",102,2023,9,"goeth4",12.15,"UWI",3,"N",335,1,"energized","coffee","coffee","no",9,"yes",2,3,4,5,"do_not_mind",5,"Apple","19",9,8,15,"70",2,67,11,"yes",200,"Fall","milk",173,2,9
"103",103,2023,8,"goebe7",12.15,"UWI",3.1,"NE",60,5,"awake","tea","other","yes",7,"yes",1,1,4,4,"No",6.7,"Microsoft","20.5",8,5,13.5,"60",2,66,9,"No",350,"Spring","black",178,4,9
"104",104,2023,9,"neide10",12.15,"UWI",0.2,"N",280,1,"awake","milk","other","yes",7,"yes",4,30,3,4,"Yes",5.5,"Apple","18",8,30,15,"54",1,45,20,"yes",200,"Fall","sugar_milk",167,7,8
"105",105,2023,8,"dorfs44",12.15,"UWI",2.3,"NW",290,2,"awake","tea","other","yes",8,"yes",2,8,3,2,"No",6,"Microsoft","20",5,13,15,"350",9,90,13,"No",150,"Summer","milk",178,7,6
"106",106,2023,8,"kehrw7",12.15,"UWI",32,"S",32,6,"energized","water","water","no",7,"yes",1,1,2,2,"do_not_mind",6,"Microsoft","21",6,11,15,"25",0,119,8,"yes",350,"Winter","milk",172,5,8
"108",108,2023,6,"weste5",12.15,"UWI",3,"NW",380,1,"energized","water","water","yes",7,"yes",2,4,2,3,"No",7.5,"Microsoft","20",7,9,16,"90",4,60,12,"yes",150,"Spring","milk",170,1,6
"109",109,2023,8,"hanss206",12.15,"UWI",48,"NW",55,1,"awake","Coffee","coffee","yes",6,"yes",2,0,4,4,"No",6,"Microsoft","22",6,3,16.8,"39",3,23,28,"yes",150,"Summer","sugar_milk",168,1,8
"110",110,2023,7,"stran87",12.15,"UWI",2.6,"N",59,4,"awake","juice","other","yes",7,"yes",2,0,2,3,"Yes",6.5,"Both","18",8,12,15,"35",1,58,12,"yes",0.3,"Summer","sugar_milk",189,3,8
"111",111,2023,6,"freiw9",12.15,"UWI",7.3,"SW",65,10,"tired","Water","water","yes",7,"yes",2,8,2,2,"No",7,"Apple","20",6,20,16,"53",1,63,5,"yes",100,"Summer","sugar_milk",163,3,6
"112",112,2023,8,"winke21",12.15,"UWI",0.8,"W",484,4,"drowsy","water","water","yes",8,"yes",1,3,2,2,"do_not_mind",5,"Microsoft","15",6,15,13,"20",5,60,20,"yes",130,"Summer","Other",179,4,8
"113",113,2023,10,"berga12",12.15,"UWI",2.7,"N",572,4,"tired","tea","other","yes",8,"yes",1,0,3,2,"Yes",7,"Apple","15",2,25,13,"95",3,50,15,"yes",300,"Winter","Other",186.5,2,10
"114",114,2023,7,"estew5h",12.15,"UWI",2.1,"SE",78,2,"awake","Water","water","yes",8,"yes",1,2,1,2,"do_not_mind",5,"Microsoft","19",6,6,15,"80.0",2,126,11,"yes",150,"Spring","milk",170,4,5
"115",115,2023,9,"wilhe25",12.15,"UWI",0.8,"NW",424,1.5,"awake","Water","water","yes",9,"no",0,0,2,2,"do_not_mind",4,"Apple","20",8,20,13,"140",5,80,12,"yes",120,"Spring","Other",162,4,8
"116",116,2023,6,"ahrst41",12.15,"UWI",5,"SE",487,2,"tired","Water","water","no",8,"yes",1,1,2,2,"No",4,"Apple","19",5,20,15.4,"140",2,56,11,"yes",130,"Winter","Other",167,9,6
"117",117,2023,6,"rober22",12.15,"UWI",2,"S",700,2,"awake","tea","other","yes",8,"yes",2,3,2,2,"Yes",7,"Microsoft","20",6,10,14.5,"80",2,138,18,"yes",220,"Spring","Other",170,2,6
"118",118,2023,8,"hinri23",12.15,"UWI",2,"S",320,1,"energized","tea","other","yes",8,"yes",1,0,1,2,"do_not_mind",6.5,"Microsoft","19.5",8,9,14,"80",2,80,11,"yes",100,"Spring","black",173,3,9
"119",119,2023,7,"valle",12.15,"UWI",2.3,"NW",9340,1,"tired","Water","water","yes",7,"yes",1,9,3,3,"do_not_mind",5.7,"Apple","19.5",5,7,15.5,"80",2,80,12,"No",300,"Summer","milk",183,8,7
"121",121,2023,7,"goldf11",12.15,"UWI",2,"N",350,1,"energized","tea","other","yes",7,"yes",2,3,10,4,"No",6.5,"Microsoft","21",8,5,16,"100",5,24,10,"yes",300,"Spring","milk",180,8,8
"123",123,2023,7,"aufde2",12.15,"UWI",2,"NW",166,4,"tired","water","water","yes",8,"yes",1,1,3,3,"do_not_mind",4.5,"Microsoft","17",2,3,17,"80",2,28,12,"yes",480,"Spring","Other",162,2,9
"124",124,2023,8,"muent24",12.15,"UWI",0.5,"W",40,4,"energized","tea","other","yes",8,"yes",1,1,5,5,"do_not_mind",6.5,"Microsoft","19",8,10,16.5,"80",1,146,10,"yes",150,"Summer","milk",175,6,8
"126",126,2023,6,"koene3",12.15,"UWI",4,"N",130,1,"awake","tea","other","yes",8,"yes",1,4,1,1,"Yes",5.5,"Microsoft","16",7,14,14,"100",3,4,10,"yes",130,"Spring","Other",156,7,8
"127",127,2023,5,"marco43",8.15,"GESS",0.1,"N",1000,2,"tired","milk","other","yes",5,"yes",1,6,3,3,"No",5.5,"Apple","17.8",5,12,11.6,"60",2,21,10,"yes",200,"Spring","Other",169,7,5
"128",128,2023,9,"kasta1a",12.15,"UWI",0,"NW",100,2,"tired","tea","other","yes",7,"yes",3,20,3,3,"Yes",6,"Microsoft","17",6,30,15,"45",1,38,25,"yes",500,"Summer","Other",169,7,9
"130",130,2023,7,"thade80",8.15,"GESS",45,"NW",45,6,"awake","Coffee","coffee","yes",7,"yes",2,0,2,2,"No",6,"Apple","17",4,9,14,"94",2,60,14,"yes",250,"Winter","sugar_milk",183,7,6
"131",131,2023,6,"w107",8.15,"GESS",0.1,"N",340,2,"tired","coffee","coffee","yes",8,"yes",5,2,3,4,"do_not_mind",6,"Microsoft","18",6,10,15,"12",3,34,15,"No",200,"Summer","milk",167,3,5
"132",132,2024,3,"govern",8.15,"GESS",7,"S",4000,12,"awake","tea","other","yes",7,"yes",4,2,0,0,"do_not_mind",2.5,"Apple","8",5,4,17,"10",2,20,5,"yes",125,"Summer","sugar_milk",171,1,6
"133",133,2024,5,"schul26",8.15,"GESS",1.5,"N",450,0,"awake","water","water","no",7,"yes",1,0,2,2,"do_not_mind",5,"Microsoft","20",7,7,16,"60",1,20,10,"yes",250,"Spring","black",182,4,10
"134",134,2024,5,"agtriada",8.15,"GESS",45,"NW",3000,0,"awake","coffee","coffee","yes",6,"yes",1,0,3,3,"No",3,"Microsoft","6.7",7,5,15.6,"33.3",0,20,5,"yes",200,"Summer","milk",160,8,5
"135",135,2024,7,"amfin20",8.15,"GESS",3.5,"N",405,5,"awake","tea","other","yes",8,"yes",4,5,4,2,"do_not_mind",6,"Microsoft","14",9,3,3,"120",3,0,14,"yes",140,"Spring","Other",181,1,8
"136",136,2024,5,"bern15",8.15,"GESS",1.5,"NE",40,3,"drowsy","Juice","other","yes",8,"yes",2,13,4,5,"Yes",6,"Apple","14",7,8,14,"60",2,30,14,"yes",100,"Summer","milk",181,2,4
"137",137,2024,8,"kirch4",8.15,"GESS",0.5,"N",300,2,"awake","water","water","yes",8,"yes",1,1,2,2,"do_not_mind",5,"Microsoft","16",6,9,14,"57",2,20,8,"yes",180,"Summer","Other",167,4,6
"140",140,2024,6,"riggae1",8.15,"GESS",4,"N",6760,1,"tired","water","water","no",6,"yes",1,4,3,3,"No",5,"Both","13",3,12,15.5,"44",3,43,7,"yes",150,"Spring","Other",165,6,6
"141",141,2024,8,"feuer40",8.15,"GESS",3,"N",377,3,"awake","water","water","yes",9,"yes",3,1,3,2,"do_not_mind",5,"Microsoft","17",8,4,14,"60",1,102,15,"yes",220,"Spring","black",170,6,8
"142",142,2024,7,"lambs49",8.15,"GESS",0.5,"S",563,2,"tired","Water","water","yes",6,"yes",1,1,2,3,"Yes",6.5,"Apple","18",8,6,12,"110",4,33,12,"No",150,"Summer","sugar_milk",171,9,7
"143",143,2024,2,"kreis1",8.15,"GESS",280,"SE",260,9,"awake","tea","other","yes",7,"yes",2,1,1,1,"Yes",5.8,"Apple","21",6,8,12,"18",3,60,12,"yes",150,"Spring","Other",160,8,3
"144",144,2024,6,"stegl44",8.15,"GESS",3.8,"N",290,2.5,"awake","Juice","other","yes",7,"no",0,1,4,5,"No",6,"Microsoft","19.5",5,9,16.5,"100",5,27,27,"No",120,"Summer","Other",172,5,6
"145",145,2024,6,"pushk47",8.15,"GESS",2,"N",3366,3,"drowsy","green_tea","other","yes",8,"yes",1,1,3,3,"No",5.7,"Microsoft","16.7",7,10,15,"125",1,66,4,"yes",350,"Spring","Other",162,4,6
"146",146,2024,10,"ricke",8.15,"GESS",2,"N",1000,4,"awake","tea","other","yes",7,"yes",1,14,3,4,"No",9,"Microsoft","15",4,10,12,"100",5,500,194,"No",100,"Summer","milk",168,7,10
"147",147,2024,7,"kreis13",8.15,"GESS",4,"N",60,4,"awake","black_tea","black_tea","yes",8,"yes",3,2,2,3,"No",6.5,"Apple","19",7,11,15.4,"32",1,92,13,"yes",200,"Spring","milk",168,4,7
"148",149,2024,3,"westp14",8.15,"GESS",3,"SE",12388,2,"awake","Chocolate","other","yes",7,"yes",2,6,3,3,"do_not_mind",5.7,"Microsoft","19",7,6,16.5,"219.1",9,100,18,"No",60,"Summer","Other",165,2,4
"149",150,2024,3,"hanss14",8.15,"GESS",2,"N",729,1,"tired","tea","other","yes",7,"yes",1,3,2,3,"No",6.7,"Microsoft","22.3",2,4,20,"100",5,69,9,"No",100,"Fall","black",164,1,0
"150",151,2024,7,"bankc273",8.15,"GESS",4.1,"SE",8529,0,"awake","Coffee","coffee","no",9,"yes",3,3,2,3,"No",5,"Microsoft","18",6,3,16,"84.0",3,15,3,"yes",100,"Spring","sugar_milk",158,2,6
"151",152,2024,10,"gener35",8.15,"GESS",1.8,"N",63,0,"awake","tea","other","yes",7,"yes",1,0,3,4,"Yes",5.5,"Both","17",9,5,12,"160",3,57,6,"yes",150,"Spring","black",161,2,10
"152",153,2024,4,"schil16",8.15,"GESS",2.2,"NW",280,7,"awake","Coffee","coffee","yes",8,"no",0,5,2,3,"No",5.9,"Both","14.8",6,6,14.5,"69",2,9,7,"No",120,"Spring","Other",159,5,6
"153",154,2024,7,"amdor45",8.15,"GESS",2.5,"S",130,6,"awake","tea","other","yes",8,"yes",1,6,1,1,"No",6,"Microsoft","18.5",6,6,17,"80",3,10,18,"yes",120,"Summer","sugar_milk",170,5,4
"154",155,2024,7,"brliz22",8.15,"GESS",0.4,"NW",1540,2,"awake","tea","other","yes",7,"yes",1,1,5,5,"do_not_mind",6,"Neither","19",8,5,16.256,"40",2,82,11,"yes",300,"Spring","milk",175,7,8
"155",156,2024,4,"kortl2",8.15,"GESS",3.5,"N",151,2,"awake","Coffee","coffee","yes",8,"yes",1,5,4,4,"Yes",5.8,"Apple","20.5",6,7,15.5,"120",2,57,18,"yes",200,"Summer","milk",165,3,5
"156",157,2024,7,"lippo18",8.15,"GESS",4,"SW",117,3.5,"tired","coffee","coffee","yes",7,"yes",3,0,2,2,"No",6,"Microsoft","16",4,8,12,"260",5,40,17,"yes",250,"Spring","milk",164,6,6
"157",158,2024,9,"stck71",8.15,"GESS",14,"N",65,7,"tired","Water","water","yes",7,"yes",1,2,2,2,"Yes",7,"Apple","20",9,8,13.5,"200",4,133,18,"yes",200,"Summer","black",190,4,9
"158",159,2024,7,"strd10",8.15,"GESS",2.1,"N",124,4,"awake","water","water","yes",8,"yes",2,18,3,3,"Yes",6,"Apple","18",7,6,14,"120",3,75,12,"yes",180,"Summer","milk",173,2,8
"159",160,2024,9,"blch",8.15,"GESS",2.5,"N",370,2,"awake","Coffee","coffee","no",6,"yes",1,24,4,5,"Yes",6.7,"Neither","21",9,7,17.5,"72.4",2,126,20,"yes",150,"Summer","milk",174,7,8
"160",161,2024,5,"ather15",8.15,"GESS",0.5,"S",5861,7,"awake","Water","water","yes",7,"yes",4,3,7,7,"do_not_mind",5,"Apple","18",7,12,15.5,"100",5,155,25,"yes",150,"Fall","sugar_milk",155,4,7
"162",163,2024,5,"garte3",8.15,"GESS",0.7,"E",263,2,"drowsy","milk","other","yes",7,"yes",1,11,1,1,"do_not_mind",5.5,"Microsoft","14.2",7,6,15.3,"141.9",5,59,12,"yes",170,"Spring","Other",163,7,7
"163",164,2024,9,"nuova9",8.15,"GESS",5,"NE",1718,5,"tired","water","water","yes",6,"yes",1,3,2,2,"do_not_mind",3,"Microsoft","9",8,6,8,"90",2,8,7,"yes",150,"Spring","Other",166,3,10
"164",165,2024,5,"abels7",12.15,"GESS",3,"N",58,8,"awake","water","water","yes",7,"yes",4,9,3,4,"Yes",4,"Apple","11",6,4,9,"74",2,20,22,"yes",200,"Fall","black",168,8,5
"165",166,2024,5,"b3",12.15,"GESS",0.5,"SW",90,8,"tired","Juice","other","yes",8,"yes",3,0,2,2,"No",7,"Microsoft","20",7,7,17,"80",4,26,11,"yes",250,"Fall","milk",172,8,5
"166",167,2024,8,"gerst7",12.15,"UWI",2.3,"NW",265,9,"awake","Water","water","yes",9,"yes",1,2,4,4,"do_not_mind",6.5,"Both","18",7,8,16,"22",6,25,10,"yes",230,"Summer","Other",189,5,8
"167",168,2024,8,"dorot129",12.15,"GESS",4,"NW",65,2,"drowsy","coffee","coffee","yes",7,"yes",1,1,2,2,"do_not_mind",4,"Microsoft","15",7,4,14,"100",5,20,12,"yes",80,"Spring","milk",164,2,7
"169",170,2024,7,"dorfs8",12.15,"GESS",2,"NE",70,1,"drowsy","Cappuccino","coffee","yes",9,"no",0,8,2,2,"do_not_mind",6,"Neither","20",4,25,17,"80",1,75,8,"yes",200,"Spring","milk",175,6,7
"170",171,2024,6,"goldf11",12.15,"UWI",3,"N",374,2,"awake","tea","other","yes",7,"yes",2,3,4,4,"No",5,"Microsoft","15",6,7,9,"150",4,10,8,"yes",370,"Spring","milk",180,8,6
"171",172,2024,7,"heide40",12.15,"GESS",0.4,"SW",700,3,"awake","tea","other","yes",8,"yes",1,0,2,2,"Yes",6,"Microsoft","18",7,14,15,"113",2,85,7,"yes",260,"Summer","milk",175,3,7
"172",173,2024,9,"lemsa8",12.15,"UWI",5,"NE",68,15,"awake","Apfelsafteis","other","yes",9,"yes",2,0,1,1,"No",8,"Microsoft","20",7,7,17,"19",5,178,10,"yes",280,"Summer","black",188,10,9
"173",174,2024,7,"nieve8",12.15,"GESS",3,"NW",400,2,"awake","water","water","yes",9,"yes",1,3,1,1,"No",5,"Microsoft","17",5,5,15,"80",3,25,13,"yes",120,"Spring","Other",162,5,7
"174",175,2024,7,"ronze28",12.15,"UWI",0.2,"W",110,3.5,"awake","coffee","coffee","yes",8,"yes",2,1,3,3,"Yes",6,"Microsoft","16",8,5,14.5,"230",5,100,18,"yes",300,"Fall","milk",172,3,8
"175",176,2024,7,"amsel9",12.15,"GESS",0.5,"S",700,3,"awake","Water","water","yes",8,"yes",1,2,4,4,"No",5,"Microsoft","15",5,10,16.5,"180",3,70,17,"No",300,"Spring","milk",173,7,6
"176",177,2024,8,"raben10",12.15,"GESS",2,"N",700,12,"awake","Water","water","no",6,"yes",1,3,3,3,"No",7.5,"Microsoft","17.1",7,5,16,"70",3,40,11,"yes",200,"Summer","black",174,6,7
"177",178,2024,8,"amdiek6",12.15,"UWI",3.3,"N",152,5,"awake","tea","other","yes",8,"yes",1,4,2,1,"No",6.3,"Microsoft","18.5",6,8,15,"30",0,35,15,"yes",150,"Spring","milk",166,8,7
"178",179,2024,8,"josef34",12.15,"UWI",3,"SW",340,4,"awake","coffee","coffee","yes",8,"yes",2,4,3,3,"do_not_mind",6,"Microsoft","22",8,3,16,"120",4,5,10,"yes",450,"Spring","milk",179,4,8
"179",180,2024,4,"holbe75",12.15,"UWI",3.7,"N",350,11,"awake","water","water","yes",7,"yes",2,0,3,2,"Yes",5.75,"Both","21.7",3,5,16,"250",4,80,9,"No",300,"Fall","Other",178,2,3
"180",181,2024,2,"rappo9a",12.15,"GESS",0.3,"W",476,4,"tired","tea","other","yes",9,"yes",1,0,4,4,"do_not_mind",5.5,"Both","17",4,4,14,"50.0",1,30,11,"yes",300,"Fall","Other",166,8,2
"181",182,2024,7,"haupt4",12.15,"GESS",3,"N",200,1,"awake","tea","other","yes",7,"yes",1,2,2,3,"Yes",5,"Both","18",6,9,16.5,"80",1,35,17,"yes",100,"Summer","milk",158,7,8
"182",183,2024,5,"diete57",12.15,"GESS",2,"N",100,5,"tired","Espresso","coffee","yes",8,"yes",2,3,2,2,"do_not_mind",6.3,"Microsoft","22",4,13,17.2,"111",2,122,11,"yes",250,"Summer","milk",177,2,6
"183",184,2024,3,"hecht11",12.15,"GESS",5,"NE",300,2,"awake","Juice","other","yes",7,"yes",4,23,2,2,"do_not_mind",7,"Apple","23.5",6,14,15,"50",1,50,22,"yes",200,"Spring","sugar_milk",180,9,8
"184",185,2024,8,"amsta75",12.15,"GESS",1.5,"SW",54,4,"awake","Coffee","coffee","yes",7,"yes",1,5,3,3,"Yes",6,"Apple","20",6,9,14.86,"85",4,110,11,"yes",100,"Summer","milk",165,7,9
"186",187,2024,7,"mhle18",12.15,"UWI",2,"N",177,2,"tired","water","water","yes",9,"yes",1,0,2,3,"No",6,"Apple","21",6,12,15,"150",4,43,13,"yes",180,"Summer","Other",169,4,6
"187",188,2024,8,"winde11",12.15,"UWI",3,"NW",463,4,"awake","Coffee","coffee","yes",7,"yes",2,6,1,3,"do_not_mind",5.3,"Microsoft","17",7,20,16,"30",0,35,9,"yes",175,"Summer","milk",155,3,8
"188",189,2024,7,"wrang29",12.15,"UWI",3,"NW",155,3,"awake","green_tea","other","yes",8,"no",0,1,3,4,"do_not_mind",7,"Microsoft","20",6,3,17,"89",2,112,13,"yes",200,"Spring","milk",176,6,7
"189",190,2024,7,"ecken5",12.15,"GESS",0.2,"E",766,2,"awake","coffee","coffee","no",8,"yes",3,0,4,4,"No",6.5,"Microsoft","21",5,9,19,"136",5,29,10,"yes",200,"Spring","milk",170,7,7
"192",193,2024,7,"stein15",12.15,"UWI",1.4,"N",272,5,"awake","tea","other","yes",8,"yes",1,5,5,5,"do_not_mind",6,"Microsoft","20.5",6,5,14.351,"90",3,111,21,"No",220,"Summer","milk",170,8,8
"193",194,2024,8,"mulac17",12.15,"GESS",0.7,"W",412,1,"awake","coffee","coffee","yes",7,"yes",1,4,2,2,"do_not_mind",5.5,"Apple","16",7,13,14.5,"180.0",3,145,21,"yes",300,"Spring","milk",169,2,8
"194",195,2024,5,"mlle4",12.15,"GESS",0.2,"W",80,4,"awake","coffee","coffee","yes",8,"yes",2,10,4,4,"Yes",5,"Apple","19",5,8,15.5,"136",5,46,14,"yes",130,"Summer","milk",161,7,5
"195",196,2024,8,"ander9",12.15,"GESS",0.4,"N",300,3,"awake","Chocolate","other","yes",8,"no",0,300,3,3,"No",6,"Microsoft","19",6,5,16,"50",1,74,14,"yes",150,"Spring","Other",166,7,8
"196",197,2024,8,"alt60",12.15,"GESS",5,"N",57,3,"awake","Coffee","coffee","yes",8,"yes",1,0,3,3,"Yes",6,"Both","12",3,3,14,"50",1,55,10,"yes",50,"Summer","milk",170,5,8
"197",198,2024,4,"brkl12",12.15,"UWI",1,"W",500,2,"tired","tea","other","yes",9,"yes",2,2,3,2,"Yes",4.4,"Microsoft","18",6,10,14,"120",5,13,18,"yes",70,"Spring","Other",169,8,6
"198",199,2024,7,"ofe52",12.15,"GESS",7,"N",200,8,"tired","tea","other","yes",6,"yes",2,3,4,2,"No",6.5,"Microsoft","14",3,1,15,"50",2,53,13,"yes",300,"Spring","sugar_milk",193,8,6
"199",200,2024,4,"hecht11",12.15,"GESS",5,"NE",300,2,"awake","Juice","other","yes",7,"yes",4,23,2,2,"do_not_mind",7,"Apple","23.5",6,14,15,"50",1,50,22,"yes",200,"Spring","sugar_milk",180,9,8
"200",201,2024,7,"wacht27",12.15,"GESS",2.2,"NW",57,4,"energized","water","water","yes",7,"yes",3,5,3,3,"do_not_mind",6,"Apple","19",7,6,18,"47",1,50,6,"yes",100,"Fall","Other",163,10,5
"201",202,2024,5,"sinst18",12.15,"GESS",50,"SE",50,1,"awake","Water","water","yes",6,"yes",1,0,4,4,"No",7,"Microsoft","18",7,3,16,"100",2,30,8,"yes",50,"Fall","Other",180,4,5
"203",204,2024,5,"karls1",12.15,"UWI",2,"N",10,1,"awake","coffee","coffee","no",8,"yes",1,3,2,3,"do_not_mind",4,"Apple","14",7,4,13,"150",5,9,20,"yes",250,"Spring","milk",172,3,6
"204",205,2024,7,"niitt29",12.15,"GESS",3,"NW",1472,4,"awake","Coffee","coffee","yes",9,"yes",2,0,4,4,"Yes",5.5,"Apple","20",6,10,15,"60",3,58,22,"yes",100,"Spring","milk",163,4,6
"208",209,2024,6,"ampfahlgraben9",12.15,"UWI",2.8,"SW",323,10,"drowsy","tea","other","yes",6,"yes",1,1,3,3,"do_not_mind",5.5,"Apple","18.5",3,8,14.5,"150",4,163,34,"yes",344,"Summer","milk",184,8,8
"209",210,2024,7,"brege",12.15,"UWI",0.5,"W",750,5,"energized","coffee","coffee","no",8,"yes",1,1,2,2,"do_not_mind",6,"Microsoft","18.5",6,4,14,"16",2,9,22,"yes",270,"Summer","milk",168,3,7
"210",212,2024,8,"gussa107",12.15,"UWI",0.5,"NE",48,2,"awake","coffee","coffee","yes",9,"yes",2,39,2,2,"No",6,"Microsoft","19",6,6,15,"46",1,22,8,"yes",250,"Spring","milk",163,8,8
"212",215,2024,6,"linde23",12.15,"GESS",1,"E",500,4,"awake","water","water","yes",6,"yes",1,0,4,4,"No",6.2,"Apple","22",5,10,15.5,"35",5,25,29,"yes",150,"Spring","sugar_milk",172,7,6
"213",216,2024,7,"walth32",12.15,"UWI",3,"NE",60,2,"awake","tea","other","yes",8,"yes",1,0,1,2,"do_not_mind",6,"Microsoft","19",5,4,17,"100",3,30,8,"No",150,"Spring","Other",173,5,7
"214",217,2024,7,"uhlen6",12.15,"UWI",46,"N",43,7,"tired","Coffee","coffee","yes",7,"yes",1,0,3,3,"No",6,"Both","23",7,5,14,"160",3,100,6,"yes",150,"Summer","black",187,10,8
"215",218,2024,7,"snyma10",12.15,"GESS",0.5,"SW",13000,4,"awake","Juice","other","yes",8,"yes",2,0,3,3,"Yes",5.8,"Microsoft","19",5,8,17,"16",1,83,10,"yes",210,"Spring","Other",167,3,7
"216",219,2024,8,"knapp56",12.15,"UWI",500,"W",337,4,"awake","water","water","no",9,"no",0,2,4,4,"Yes",5,"Microsoft","17",8,13,15,"135.0",4,19,18,"yes",120,"Summer","Other",160,10,9
"217",220,2024,7,"libau22",12.15,"UWI",3,"N",240,15,"tired","water","water","yes",8,"yes",2,0,3,3,"Yes",6.5,"Microsoft","21.5",6,5,14,"150",5,10,23,"yes",140,"Summer","milk",168,8,7
"218",221,2024,8,"carlv",12.15,"UWI",3,"N",250,3,"awake","coffee","coffee","no",7,"yes",3,0,2,2,"No",7,"Both","23",5,7,15.5,"130",4,82,12,"yes",200,"Fall","milk",189,7,9
"219",222,2024,6,"westf301",12.15,"GESS",0.55,"SE",470,5,"awake","tea","other","yes",8,"yes",2,1,3,5,"do_not_mind",5.5,"Microsoft","25",5,5,14.7,"49",1,37,17,"yes",140,"Summer","milk",170,7,7
"220",223,2024,3,"lerch41",12.15,"UWI",3.4,"N",90,7,"tired","tea","other","yes",5,"yes",2,6,2,3,"Yes",6,"Microsoft","20",3,5,15.5,"110",3,45,6,"yes",150,"Spring","Other",169,7,3
"221",224,2024,3,"dekan3b",12.15,"UWI",0.5,"NE",847,5,"awake","tea","other","yes",9,"yes",2,0,2,2,"Yes",6,"Microsoft","19",5,4,16,"187",5,51,8,"No",200,"Spring","Other",167,9,4
"222",225,2024,5,"burge31",12.15,"UWI",1.6,"SE",420,1,"tired","water","water","yes",8,"yes",7,9,3,3,"Yes",6,"Microsoft","19",8,9,17,"100",3,24,11,"yes",100,"Spring","Other",167,7,6
"223",226,2024,5,"brede21a",12.15,"UWI",0.2,"SW",24,2,"awake","Water","water","yes",9,"yes",1,0,3,2,"Yes",5.5,"Apple","19",6,8,14,"100",2,40,13,"No",150,"Summer","sugar_milk",170,3,5
"224",227,2024,5,"lange2b",8.15,"GESS",3,"N",47,4,"tired","Water","water","yes",7,"yes",1,1,2,2,"No",7.5,"Apple","23",3,4,15,"60",1,68,12,"yes",300,"Spring","Other",200,3,6
"225",228,2024,6,"feldb57",12.15,"GESS",1.5,"N",370,3,"awake","Coffee","coffee","yes",7,"yes",1,5,4,6,"No",6.5,"Microsoft","19",7,12,18,"250",8,50,13,"No",250,"Summer","milk",176,8,6
"226",229,2024,7,"amfuc4",12.15,"UWI",2.4,"NW",135,3.5,"awake","tea","other","yes",8,"yes",2,8,2,2,"Yes",6.5,"Microsoft","16",7,7,16.8,"132.0",3,45,11,"yes",250,"Spring","milk",175,4,7
"227",230,2024,7,"inden19",12.15,"UWI",1,"W",471,4,"tired","water","water","yes",8,"yes",3,0,5,3,"Yes",7,"Microsoft","23",7,6,17,"180",3,212,35,"yes",180,"Summer","Other",189,9,8
"229",232,2024,8,"haupt25",12.15,"UWI",1.5,"N",700,4,"energized","water","water","yes",8,"yes",1,0,4,4,"do_not_mind",6,"Apple","20",8,13,15,"17",4,60,15,"yes",200,"Spring","black",180,8,8
"230",233,2024,3,"aufde22",12.15,"UWI",4,"N",70,2,"tired","water","water","yes",7,"yes",2,0,4,4,"Yes",6,"Microsoft","19",4,5,16,"18",3,40,10,"yes",150,"Summer","milk",167,3,3
"231",234,2024,3,"schwa68",12.15,"UWI",2,"SE",150,2,"tired","Water","water","no",7,"yes",1,3,3,3,"No",5.5,"Apple","16",2,6,14,"30",0,104,11,"yes",150,"Summer","milk",178,3,3
"232",235,2024,7,"huswe1",12.15,"UWI",5,"SW",700,1,"awake","Water","water","yes",10,"yes",2,1,1,1,"do_not_mind",6,"Apple","19.1",4,13,12,"50",1,40,12,"yes",40,"Spring","sugar_milk",175,7,7
"233",236,2024,7,"haupt10",12.15,"UWI",2.5,"N",425,1,"awake","water","water","yes",8,"yes",1,3,2,2,"do_not_mind",6,"Microsoft","18.4",6,4,16,"110",4,60,9,"yes",300,"Spring","Other",161,5,7
"234",237,2024,8,"zumho5",12.15,"UWI",2,"N",9,4,"awake","tea","other","yes",8,"yes",1,2,4,4,"Yes",6,"Microsoft","17.8",8,15,14.8,"300",1,125,10,"yes",220,"Spring","milk",170,6,8
"235",238,2024,6,"amilm20",12.15,"UWI",0.6,"N",90,2,"awake","Water","water","yes",8,"yes",2,0,3,3,"do_not_mind",6.5,"Microsoft","20",5,5,15.5,"200",3,69,12,"yes",200,"Summer","milk",173,6,7
"236",239,2024,7,"schne20",12.15,"UWI",0.4,"NW",90,3,"tired","coffee","coffee","yes",7,"yes",1,0,2,2,"No",6,"Both","19",6,8,15.5,"200.0",3,35,12,"yes",200,"Summer","milk",175,7,7
"237",240,2024,6,"roumi14",12.15,"GESS",2.3,"N",8900,6,"awake","kombucha","other","yes",8,"yes",1,0,3,3,"Yes",6,"Apple","19",6,5,11.93,"32",3,37,11,"yes",550,"Spring","sugar_milk",188,5,6
"238",241,2024,7,"lotze24",12.15,"GESS",2.4,"N",500,6,"drowsy","tea","other","yes",7,"yes",1,2,4,4,"Yes",7,"Apple","22",8,7,14.9,"11",3,81,17,"yes",280,"Winter","milk",182,3,7
"241",244,2024,7,"ihlwe1",12.15,"UWI",2.6,"NW",74.9,3,"awake","tea","other","yes",8,"yes",1,3,3,4,"No",5,"Microsoft","17",5,4,16.5,"61",5,21,14,"No",180,"Spring","black",167,3,7
"242",245,2024,8,"bahnh117",12.15,"UWI",0.3,"SW",100,9,"awake","coffee","coffee","yes",7,"yes",1,1,3,3,"Yes",6,"Apple","17",9,8,15,"140",5,90,14,"yes",180,"Spring","milk",178,6,8
"243",246,2024,4,"ilmen3",12.15,"UWI",2.8,"N",134,4,"drowsy","Cappuccino","coffee","yes",7,"yes",1,1,5,5,"do_not_mind",6,"Apple","18",6,12,15,"70",2,110,15,"yes",200,"Spring","milk",175,7,5
"244",247,2024,6,"pann56",12.15,"GESS",2.2,"SE",1085,4,"awake","coffee","coffee","yes",8,"yes",3,0,3,3,"do_not_mind",5.5,"Apple","20",7,8,13.76,"80.0",2,78,21,"yes",150,"Summer","milk",170,2,8
"245",248,2024,6,"rvek2",12.15,"UWI",2,"SE",104,3,"drowsy","tea","other","yes",7,"yes",1,1,3,3,"do_not_mind",6.5,"Microsoft","18",5,6,15.4,"60",1,62,14,"yes",180,"Summer","milk",200,5,5
"246",249,2024,5,"altep19",12.15,"UWI",1.5,"NE",394,2,"tired","tea","other","yes",7,"no",0,4,2,3,"Yes",6.5,"Both","17.5",5,12,16,"120",4,50,7,"No",300,"Summer","sugar_milk",173,3,5
"247",250,2024,9,"wulfs",12.15,"UWI",0.4,"NW",133,7,"awake","water","water","no",7,"yes",2,4,3,5,"No",7,"Microsoft","16",8,10,15,"66",2,45,13,"yes",100,"Summer","milk",168,8,6
"248",251,2024,3,"sauer54",12.15,"UWI",2.1,"SW",60,0,"awake","water","water","no",7,"yes",1,15,2,2,"do_not_mind",6,"Microsoft","20",4,25,17,"115",1,80,2,"No",150,"Winter","sugar_milk",165,9,2
"249",252,2024,5,"todts11",12.15,"UWI",2,"N",60,2,"tired","tea","other","yes",8,"yes",1,2,2,2,"No",6,"Both","18.5",6,6,16,"90",4,15,14,"yes",200,"Spring","sugar_milk",176,8,2
"250",253,2024,6,"amost17",12.15,"GESS",0.6,"NW",89,1,"tired","water","water","yes",8,"yes",1,0,2,1,"Yes",6,"Apple","20",6,10,13,"20",0,31,18,"yes",200,"Summer","milk",165,8,7
"251",254,2024,7,"winze5",12.15,"UWI",0.5,"N",700,5,"tired","water","water","yes",8,"yes",1,4,2,3,"do_not_mind",6,"Microsoft","19",5,11,17,"120",4,90,8,"yes",250,"Summer","Other",170,7,8
"252",255,2024,7,"aalbo2",12.15,"GESS",0.5,"SW",40,3,"awake","tea","other","yes",8,"yes",1,0,3,4,"Yes",5.5,"Microsoft","17.5",4,7,17.5,"170",5,70,8,"yes",160,"Summer","Other",168,6,6
"253",256,2024,4,"kurf16",12.15,"UWI",0,"W",570,2,"awake","coffee","coffee","yes",7,"no",0,0,3,4,"do_not_mind",6,"Microsoft","18",6,10,15,"140",5,75,10,"yes",300,"Summer","milk",158,5,4
"254",257,2024,6,"moord1",12.15,"UWI",2,"N",61,5,"awake","Chocolate","other","yes",7,"yes",1,3,3,3,"do_not_mind",6,"Microsoft","14",4,5,14.5,"90",4,54,6,"yes",150,"Summer","milk",170,7,6
"255",258,2024,9,"hinte20",12.15,"UWI",100,"NE",100,3,"awake","Chocolate","other","no",6,"yes",2,2,4,2,"No",7,"Apple","15",9,5,15.5,"140",3,176,13,"yes",70,"Summer","milk",194,7,9
"256",259,2024,8,"oeste13",12.15,"UWI",3.5,"NW",256,7,"drowsy","black_tea","black_tea","yes",7,"yes",1,9,4,4,"Yes",6.4,"Apple","18",4,8,15.7,"90",3,168,8,"yes",300,"Spring","black",178,6,7
"257",260,2024,7,"kiebi12",12.15,"UWI",2,"S",63,2,"awake","tea","other","yes",7,"yes",1,0,3,4,"do_not_mind",6,"Microsoft","16",4,8,14,"130",2,30,7,"yes",50,"Spring","sugar_milk",164,6,5
"258",261,2024,6,"lneb34",12.15,"UWI",1.5,"N",150,4,"tired","black_tea","black_tea","yes",8,"yes",2,4,3,3,"No",6,"Microsoft","18.5",6,8,15,"80",4,40,15,"No",150,"Summer","sugar_milk",169,3,6
"259",262,2024,8,"wohwi53",12.15,"GESS",58,"N",8338,2,"awake","Juice","other","no",7,"yes",3,3,5,5,"Yes",5,"Apple","16",8,12,15,"85",2,50,12,"yes",250,"Summer","sugar_milk",170,7,6
"260",263,2024,7,"grli",12.15,"UWI",1.5,"SE",372,1,"awake","tea","other","yes",8,"yes",1,0,2,2,"No",6,"Microsoft","7",5,7,7,"100",4,80,20,"yes",250,"Spring","Other",170,6,7
"261",264,2024,7,"emila35",12.15,"UWI",0.75,"W",50,3,"awake","water","water","yes",8,"yes",2,2,1,1,"do_not_mind",6,"Microsoft","20.5",5,8,15,"17",6,145,7,"yes",120,"Winter","Other",173,5,7
"262",265,2024,8,"rohrb15",12.15,"UWI",0.5,"N",86,4,"tired","Water","water","yes",8,"yes",3,16,2,2,"Yes",5,"Both","17",6,3,16,"220",8,15,16,"yes",200,"Summer","sugar_milk",169,10,8
"263",266,2024,7,"anden1a",12.15,"UWI",0.75,"W",90,3,"awake","Chocolate","other","yes",7,"yes",1,0,1,2,"do_not_mind",5.5,"Microsoft","18.5",6,10,12,"17",6,160,12,"yes",160,"Summer","Other",168,8,7
"264",267,2024,9,"amplu11",12.15,"GESS",0,"SW",290,4,"energized","black_tea","black_tea","yes",8,"yes",1,2,5,5,"Yes",6,"Neither","16",9,20,15,"17",5,103,17,"yes",170,"Fall","milk",178,8,10
"266",269,2024,8,"tanne10",12.15,"UWI",1,"S",714,5,"energized","tea","other","yes",8,"yes",1,0,2,2,"No",6,"Apple","18",6,6,15,"35",5,115,10,"yes",150,"Spring","sugar_milk",174,8,9
"267",270,2024,6,"gunde6a",12.15,"UWI",0.65,"N",573,4,"tired","coffee","coffee","yes",7,"yes",2,0,2,3,"Yes",6,"Microsoft","18",4,9,10,"120",4,50,15,"No",150,"Spring","milk",174,4,4
"269",272,2024,3,"rntg2",12.15,"UWI",2.3,"N",347,5,"drowsy","tea","other","yes",7,"yes",1,0,2,2,"Yes",5,"Apple","16",6,10,15,"100",2,66,21,"yes",100,"Summer","milk",163,6,5
"270",273,2024,6,"tilsit4",12.15,"UWI",0.2,"NE",335,2,"tired","tea","other","yes",7,"no",0,0,1,1,"Yes",6,"Apple","17.5",6,15,15,"90",2,25,10,"yes",250,"Spring","milk",163,6,6
"272",275,2024,5,"humme123",12.15,"UWI",0,"NW",392,5,"drowsy","tea","other","no",7,"yes",0,3,3,3,"do_not_mind",6.5,"Neither","23.5",7,5,15.4,"55",2,116,10,"yes",200,"Summer","sugar_milk",196,7,7
"273",276,2024,8,"porta34",12.15,"UWI",3.7,"NW",200,6,"awake","Milk","other","yes",7,"yes",1,0,1,1,"do_not_mind",6.5,"Microsoft","19",9,10,17,"23",0,200,2,"yes",200,"Winter","Other",183,9,9
"274",277,2024,8,"habic27",12.15,"UWI",0.7,"SW",140,1,"awake","Matcha","other","yes",7,"yes",1,0,2,1,"Yes",5,"Both","18",7,8,15.5,"70",4,50,11,"yes",130,"Spring","milk",175,10,8
"275",278,2024,7,"karlm6",12.15,"UWI",0.5,"SW",736,4,"awake","tea","other","yes",9,"yes",1,3,3,3,"Yes",6,"Both","20",7,5,12,"67",2,50,16,"yes",70,"Fall","milk",177,7,7
"276",279,2024,7,"bluec4",12.15,"UWI",16,"NE",480,2,"awake","tea","other","yes",8,"yes",1,0,2,3,"Yes",6,"Apple","22",6,10,15,"60",1,70,25,"yes",200,"Summer","sugar_milk",182,7,6
"277",280,2024,5,"humbo21",12.15,"UWI",0.6,"W",314,7,"drowsy","Cappuccino","coffee","yes",8,"yes",1,7,2,2,"do_not_mind",5,"Apple","15",5,11,15.7,"140",5,80,17,"yes",350,"Spring","milk",156,6,5
"278",281,2024,5,"etten34",12.15,"UWI",2.2,"NW",193,3,"drowsy","water","water","yes",7,"yes",4,13,4,4,"No",5,"Microsoft","19",5,4,16.5,"350",8,97,8,"yes",150,"Summer","Other",161,7,4
"279",282,2024,8,"mhle3",12.15,"UWI",1.2,"NE",90,3,"tired","black_tea","black_tea","yes",7,"yes",3,4,1,1,"do_not_mind",5,"Apple","16",4,7,9,"212",8,8,8,"yes",200,"Spring","milk",173,4,4
"280",283,2024,4,"fache128",12.15,"UWI",38,"NW",54,1,"tired","tea","other","yes",9,"yes",3,6,2,2,"do_not_mind",5,"Both","18",5,6,16,"400",2,45,8,"yes",200,"Summer","milk",168,1,6
"281",284,2024,6,"pferd19",12.15,"UWI",51,"NW",20,2,"tired","tea","other","yes",8,"no",0,4,2,2,"do_not_mind",6,"Microsoft","15",5,7,16,"49",0,31,2,"yes",200,"Spring","Other",173,3,6
"282",285,2024,7,"thing19",12.15,"UWI",55,"SW",45,3,"energized","Coffee","coffee","yes",7,"yes",2,0,1,1,"do_not_mind",6,"Microsoft","16",7,9,14,"25",4,27,4,"yes",40,"Spring","milk",163,1,7
"283",286,2024,7,"indus41",12.15,"UWI",0.4,"SE",351,2,"awake","coffee","coffee","yes",7,"yes",1,0,4,4,"do_not_mind",6,"Microsoft","18",7,6,15.4,"62",2,60,9,"yes",250,"Spring","milk",173,6,7
